player,team,position,tv_y0,tv_y1,tv_y2,tv_y3,adp,rsv_hat,rsv_p25,rsv_p50,rsv_p75,rankings_player,nfl_team,matched_2026_rankings,is_rostered,tv_input_source
Caleb Williams,AJJ | Turf Titans,QB,39.83185162125654,39.83185162125654,39.83185162125654,39.83185162125654,13,39.83185162125654,15.333775239278559,29.808873011618203,60.44470133487413,Caleb Williams,CHI,True,True,phase2_2026_redraft_flat_path
Brashard Smith,AJJ | Turf Titans,RB,1.5249712444617614,1.5249712444617614,1.5249712444617614,1.5249712444617614,233,1.5249712444617614,-1.563398511340377,-0.5172586497562981,0.5491658105422803,Brashard Smith,KC,True,True,phase2_2026_redraft_flat_path
Omarion Hampton,AJJ | Turf Titans,RB,58.82502841458349,58.82502841458349,58.82502841458349,58.82502841458349,31,58.82502841458349,32.917683685308475,51.962466185444804,81.58772246422238,Omarion Hampton,LAC,True,True,phase2_2026_redraft_flat_path
Tyjae Spears,AJJ | Turf Titans,RB,3.2540769969515644,3.2540769969515644,3.2540769969515644,3.2540769969515644,150,3.2540769969515644,-3.529343130977188,-0.7582677025357842,4.227640344171258,Tyjae Spears,TEN,True,True,phase2_2026_redraft_flat_path
Woody Marks,AJJ | Turf Titans,RB,7.34496711333726,7.34496711333726,7.34496711333726,7.34496711333726,124,7.34496711333726,-1.3181445677590222,2.3608557452865764,10.094901761152961,Woody Marks,HOU,True,True,phase2_2026_redraft_flat_path
Dalton Schultz,AJJ | Turf Titans,TE,0.13215543314011902,0.13215543314011902,0.13215543314011902,0.13215543314011902,158,0.13215543314011902,-4.642497619686865,-1.5043756618228143,-0.27402572472162845,Dalton Schultz,HOU,True,True,phase2_2026_redraft_flat_path
Brian Thomas Jr.,AJJ | Turf Titans,WR,7.8641841582859,7.8641841582859,7.8641841582859,7.8641841582859,105,7.8641841582859,-4.749891182807373,4.334697566810814,15.276845371507289,Brian Thomas Jr.,JAC,True,True,phase2_2026_redraft_flat_path
DK Metcalf,AJJ | Turf Titans,WR,12.72992065666577,12.72992065666577,12.72992065666577,12.72992065666577,89,12.72992065666577,-3.067676987787486,8.794352046259437,23.95367453478669,DK Metcalf,PIT,True,True,phase2_2026_redraft_flat_path
Deebo Samuel Sr.,AJJ | Turf Titans,WR,0.005337743797833941,0.005337743797833941,0.005337743797833941,0.005337743797833941,149,0.005337743797833941,-5.989502161096089,-2.415611879386373,1.1601225824789194,Deebo Samuel Sr.,FA,True,True,phase2_2026_redraft_flat_path
Jalen Coker,AJJ | Turf Titans,WR,0.005337743797833941,0.005337743797833941,0.005337743797833941,0.005337743797833941,152,0.005337743797833941,-5.820236584492946,-2.263024188635989,1.1327493618135145,Jalen Coker,CAR,True,True,phase2_2026_redraft_flat_path
Malik Nabers,AJJ | Turf Titans,WR,40.5909305758533,40.5909305758533,40.5909305758533,40.5909305758533,28,40.5909305758533,19.904803781875934,33.992669831306216,56.48853069919798,Malik Nabers,NYG,True,True,phase2_2026_redraft_flat_path
Matthew Golden,AJJ | Turf Titans,WR,0.005337743797833941,0.005337743797833941,0.005337743797833941,0.005337743797833941,165,0.005337743797833941,-5.123405950993699,-1.6348528891692886,1.0200595929899898,Matthew Golden,GB,True,True,phase2_2026_redraft_flat_path
Rome Odunze,AJJ | Turf Titans,WR,12.72992065666577,12.72992065666577,12.72992065666577,12.72992065666577,85,12.72992065666577,-3.181171483982535,8.419620954303182,24.371191177994348,Rome Odunze,CHI,True,True,phase2_2026_redraft_flat_path
Tre Harris,AJJ | Turf Titans,WR,0.005337743797833941,0.005337743797833941,0.005337743797833941,0.005337743797833941,183,0.005337743797833941,-3.9704546434358576,-1.259430146373522,0.5029655884189946,Tre Harris,LAC,True,True,phase2_2026_redraft_flat_path
Brock Purdy,BG | 2 Rice 2 Addison,QB,30.448441361242384,30.448441361242384,30.448441361242384,30.448441361242384,21,30.448441361242384,11.35558541195007,21.333395894467454,48.89854376122054,Brock Purdy,SF,True,True,phase2_2026_redraft_flat_path
C.J. Stroud,BG | 2 Rice 2 Addison,QB,11.207087019027778,11.207087019027778,11.207087019027778,11.207087019027778,63,11.207087019027778,-2.060036652992597,5.732816113627624,21.721340608756442,C.J. Stroud,HOU,True,True,phase2_2026_redraft_flat_path
Jaxson Dart,BG | 2 Rice 2 Addison,QB,39.83185162125654,39.83185162125654,39.83185162125654,39.83185162125654,11,39.83185162125654,14.265959792859842,30.980215971889315,60.07832204221971,Jaxson Dart,NYG,True,True,phase2_2026_redraft_flat_path
Bhayshul Tuten,BG | 2 Rice 2 Addison,RB,14.403822712444544,14.403822712444544,14.403822712444544,14.403822712444544,83,14.403822712444544,-0.6878376171350311,8.462770567041265,26.195880316495423,Bhayshul Tuten,JAC,True,True,phase2_2026_redraft_flat_path
Blake Corum,BG | 2 Rice 2 Addison,RB,9.728149154788571,9.728149154788571,9.728149154788571,9.728149154788571,107,9.728149154788571,-1.084387679073476,4.56418591132187,15.931242664411485,Blake Corum,LAR,True,True,phase2_2026_redraft_flat_path
Breece Hall,BG | 2 Rice 2 Addison,RB,20.285429684288992,20.285429684288992,20.285429684288992,20.285429684288992,55,20.285429684288992,-0.18673720194896148,13.989403018113457,37.93215589688586,Breece Hall,NYJ,True,True,phase2_2026_redraft_flat_path
Jaydon Blue,BG | 2 Rice 2 Addison,RB,1.508751054320568,1.508751054320568,1.508751054320568,1.508751054320568,252,1.508751054320568,-0.7456698506498836,-0.10972035116499002,0.12143823936686005,Jaydon Blue,DAL,True,True,phase2_2026_redraft_flat_path
Jonathon Brooks,BG | 2 Rice 2 Addison,RB,3.2540769969515644,3.2540769969515644,3.2540769969515644,3.2540769969515644,166,3.2540769969515644,-2.829740618421397,0.008033259577103102,4.184211335295874,Jonathon Brooks,CAR,True,True,phase2_2026_redraft_flat_path
TreVeyon Henderson,BG | 2 Rice 2 Addison,RB,18.771485594998143,18.771485594998143,18.771485594998143,18.771485594998143,71,18.771485594998143,0.9335572525226823,12.25921805478924,33.92802533388455,TreVeyon Henderson,NE,True,True,phase2_2026_redraft_flat_path
Tyler Allgeier,BG | 2 Rice 2 Addison,RB,9.728149154788571,9.728149154788571,9.728149154788571,9.728149154788571,112,9.728149154788571,-0.41865347980858303,4.619890825778791,14.86170742293466,Tyler Allgeier,ARI,True,True,phase2_2026_redraft_flat_path
Colston Loveland,BG | 2 Rice 2 Addison,TE,19.471406411561198,19.471406411561198,19.471406411561198,19.471406411561198,54,19.471406411561198,6.276214001163174,12.34241590353166,31.305751897196146,Colston Loveland,CHI,True,True,phase2_2026_redraft_flat_path
Harold Fannin Jr.,BG | 2 Rice 2 Addison,TE,3.086681663433463,3.086681663433463,3.086681663433463,3.086681663433463,87,3.086681663433463,-6.676863593981299,-1.2673226787720506,9.126799629645527,Harold Fannin Jr.,CLE,True,True,phase2_2026_redraft_flat_path
Emeka Egbuka,BG | 2 Rice 2 Addison,WR,14.250383893794003,14.250383893794003,14.250383893794003,14.250383893794003,73,14.250383893794003,-2.036328359311314,8.699878369821837,27.273462817574213,Emeka Egbuka,TB,True,True,phase2_2026_redraft_flat_path
Jalen McMillan,BG | 2 Rice 2 Addison,WR,0.005337743797833941,0.005337743797833941,0.005337743797833941,0.005337743797833941,177,0.005337743797833941,-4.348601230384089,-1.3697327106268282,0.6789518144428073,Jalen McMillan,TB,True,True,phase2_2026_redraft_flat_path
Jameson Williams,BG | 2 Rice 2 Addison,WR,17.912462167085724,17.912462167085724,17.912462167085724,17.912462167085724,65,17.912462167085724,1.3392756254574927,11.416088547703085,31.989405263308562,Jameson Williams,DET,True,True,phase2_2026_redraft_flat_path
Jaylin Noel,BG | 2 Rice 2 Addison,WR,0.005337743797833941,0.005337743797833941,0.005337743797833941,0.005337743797833941,181,0.005337743797833941,-4.095108064049535,-1.2957906277614364,0.5609782369842009,Jaylin Noel,HOU,True,True,phase2_2026_redraft_flat_path
Kyle Williams,BG | 2 Rice 2 Addison,WR,0.005337743797833941,0.005337743797833941,0.005337743797833941,0.005337743797833941,199,0.005337743797833941,-3.0196703528403432,-0.9820933967526578,0.06047861421409553,Kyle Williams,NE,True,True,phase2_2026_redraft_flat_path
Luther Burden III,BG | 2 Rice 2 Addison,WR,17.912462167085724,17.912462167085724,17.912462167085724,17.912462167085724,67,17.912462167085724,1.4140713610882791,11.663045789034223,31.714251264535392,Luther Burden III,CHI,True,True,phase2_2026_redraft_flat_path
Rashee Rice,BG | 2 Rice 2 Addison,WR,31.96704683061249,31.96704683061249,31.96704683061249,31.96704683061249,42,31.96704683061249,13.430804511775115,24.853766232340767,47.47415027599243,Rashee Rice,KC,True,True,phase2_2026_redraft_flat_path
Ricky Pearsall,BG | 2 Rice 2 Addison,WR,7.8641841582859,7.8641841582859,7.8641841582859,7.8641841582859,109,7.8641841582859,-3.79974193645228,4.348471919472926,14.223377403652277,Ricky Pearsall,SF,True,True,phase2_2026_redraft_flat_path
Tetairoa McMillan,BG | 2 Rice 2 Addison,WR,31.96704683061249,31.96704683061249,31.96704683061249,31.96704683061249,46,31.96704683061249,13.913161217023838,24.738214311922288,47.38653687482054,Tetairoa McMillan,CAR,True,True,phase2_2026_redraft_flat_path
Joe Burrow,Box of Broken Toys,QB,55.15271640756244,55.15271640756244,55.15271640756244,55.15271640756244,4,55.15271640756244,23.12063680962052,53.394182425763674,73.18056627089818,Joe Burrow,CIN,True,True,phase2_2026_redraft_flat_path
Cam Skattebo,Box of Broken Toys,RB,18.771485594998143,18.771485594998143,18.771485594998143,18.771485594998143,75,18.771485594998143,1.8974238148872722,12.459699368475903,32.747182162637976,Cam Skattebo,NYG,True,True,phase2_2026_redraft_flat_path
Dylan Sampson,Box of Broken Toys,RB,4.7975727776325225,4.7975727776325225,4.7975727776325225,4.7975727776325225,144,4.7975727776325225,-2.267627982754716,0.476583146369725,5.788628134055049,Dylan Sampson,CLE,True,True,phase2_2026_redraft_flat_path
Isiah Pacheco,Box of Broken Toys,RB,3.2540769969515644,3.2540769969515644,3.2540769969515644,3.2540769969515644,154,3.2540769969515644,-3.347683516609372,-0.5592890900111289,4.216363516453963,Isiah Pacheco,DET,True,True,phase2_2026_redraft_flat_path
Jordan James,Box of Broken Toys,RB,1.508751054320568,1.508751054320568,1.508751054320568,1.508751054320568,276,1.508751054320568,-0.5183594785934063,-0.03032233324021938,0.6894306496273251,Jordan James,SF,True,True,phase2_2026_redraft_flat_path
Dallas Goedert,Box of Broken Toys,TE,0.13215543314011902,0.13215543314011902,0.13215543314011902,0.13215543314011902,143,0.13215543314011902,-5.996519576513784,-2.0146934478772853,-0.02073323328361043,Dallas Goedert,PHI,True,True,phase2_2026_redraft_flat_path
Dont'e Thornton Jr.,Box of Broken Toys,WR,-0.34094458038673553,-0.34094458038673553,-0.34094458038673553,-0.34094458038673553,286,-0.34094458038673553,-1.5876715420213665,-0.4213519835402654,0.025155480940011576,Dont'e Thornton Jr.,LV,True,True,phase2_2026_redraft_flat_path
Isaac TeSlaa,Box of Broken Toys,WR,0.005337743797833941,0.005337743797833941,0.005337743797833941,0.005337743797833941,188,0.005337743797833941,-3.664685533742456,-1.1702395572402926,0.36066322868099765,Isaac TeSlaa,DET,True,True,phase2_2026_redraft_flat_path
Jayden Higgins,Box of Broken Toys,WR,2.865511280074541,2.865511280074541,2.865511280074541,2.865511280074541,129,2.865511280074541,-4.517136274128623,-0.5881350878362626,4.477882043372535,Jayden Higgins,HOU,True,True,phase2_2026_redraft_flat_path
Jayden Reed,Box of Broken Toys,WR,2.865511280074541,2.865511280074541,2.865511280074541,2.865511280074541,132,2.865511280074541,-4.15799085222758,-0.4827455782385828,4.186648892344257,Jayden Reed,GB,True,True,phase2_2026_redraft_flat_path
Jaylin Lane,Box of Broken Toys,WR,-0.5248590843106201,-0.5248590843106201,-0.5248590843106201,-0.5248590843106201,300,-0.5248590843106201,-1.4935414710354946,-0.5078683220735818,-0.08281405686217341,Jaylin Lane,WAS,True,True,phase2_2026_redraft_flat_path
Marvin Mims Jr.,Box of Broken Toys,WR,0.005337743797833941,0.005337743797833941,0.005337743797833941,0.005337743797833941,208,0.005337743797833941,-2.7032422760781265,-0.84944386616004,-0.0229360388835711,Marvin Mims Jr.,DEN,True,True,phase2_2026_redraft_flat_path
Rashid Shaheed,Box of Broken Toys,WR,0.005337743797833941,0.005337743797833941,0.005337743797833941,0.005337743797833941,168,0.005337743797833941,-4.9405623434961,-1.5424033917017184,0.9544455140955826,Rashid Shaheed,SEA,True,True,phase2_2026_redraft_flat_path
Roman Wilson,Box of Broken Toys,WR,-0.5248590843106201,-0.5248590843106201,-0.5248590843106201,-0.5248590843106201,329,-0.5248590843106201,-1.1190308480208966,-0.33465966607853814,-0.04542476590969868,Roman Wilson,PIT,True,True,phase2_2026_redraft_flat_path
Tory Horton,Box of Broken Toys,WR,0.005337743797833941,0.005337743797833941,0.005337743797833941,0.005337743797833941,223,0.005337743797833941,-2.4502142631783035,-0.6587518594591628,0.0442631018034431,Tory Horton,SEA,True,True,phase2_2026_redraft_flat_path
Xavier Legette,Box of Broken Toys,WR,0.005337743797833941,0.005337743797833941,0.005337743797833941,0.005337743797833941,219,0.005337743797833941,-2.515984401954693,-0.7083188603636452,0.026795878479087817,Xavier Legette,CAR,True,True,phase2_2026_redraft_flat_path
Daniel Jones,Grayson  | Bargain Bin,QB,5.044891616055359,5.044891616055359,5.044891616055359,5.044891616055359,90,5.044891616055359,-4.184674065729208,-0.5638667542300899,13.27240504185582,Daniel Jones,IND,True,True,phase2_2026_redraft_flat_path
Jordan Love,Grayson  | Bargain Bin,QB,19.015415791721118,19.015415791721118,19.015415791721118,19.015415791721118,41,19.015415791721118,9.946118552226174,17.992835717588232,29.03743184391542,Jordan Love,GB,True,True,phase2_2026_redraft_flat_path
Kyler Murray,Grayson  | Bargain Bin,QB,11.207087019027778,11.207087019027778,11.207087019027778,11.207087019027778,51,11.207087019027778,-0.6102003157045885,7.631434561699142,21.699601272766436,Kyler Murray,MIN,True,True,phase2_2026_redraft_flat_path
Chase Brown,Grayson  | Bargain Bin,RB,32.27114748725395,32.27114748725395,32.27114748725395,32.27114748725395,36,32.27114748725395,7.6358460178221215,26.125561066545643,53.78766173479251,Chase Brown,CIN,True,True,phase2_2026_redraft_flat_path
Jonathan Taylor,Grayson  | Bargain Bin,RB,62.05062455969812,62.05062455969812,62.05062455969812,62.05062455969812,19,62.05062455969812,31.9787690349703,52.840773060967365,88.89315567365338,Jonathan Taylor,IND,True,True,phase2_2026_redraft_flat_path
Kyle Monangai,Grayson  | Bargain Bin,RB,9.728149154788571,9.728149154788571,9.728149154788571,9.728149154788571,97,9.728149154788571,-2.622349480939331,4.35725030535892,18.161980429744055,Kyle Monangai,CHI,True,True,phase2_2026_redraft_flat_path
Travis Etienne Jr.,Grayson  | Bargain Bin,RB,18.771485594998143,18.771485594998143,18.771485594998143,18.771485594998143,60,18.771485594998143,-0.8306555967665581,12.384663752905972,35.61445172474602,Travis Etienne Jr.,NO,True,True,phase2_2026_redraft_flat_path
Isaiah Likely,Grayson  | Bargain Bin,TE,0.13215543314011902,0.13215543314011902,0.13215543314011902,0.13215543314011902,145,0.13215543314011902,-5.893422567162706,-1.970384805181371,-0.1977777823935022,Isaiah Likely,NYG,True,True,phase2_2026_redraft_flat_path
Davante Adams,Grayson  | Bargain Bin,WR,21.338234837975115,21.338234837975115,21.338234837975115,21.338234837975115,56,21.338234837975115,4.327359829350765,13.859541838215584,36.56827648110384,Davante Adams,LAR,True,True,phase2_2026_redraft_flat_path
Drake London,Grayson  | Bargain Bin,WR,40.5909305758533,40.5909305758533,40.5909305758533,40.5909305758533,27,40.5909305758533,19.71197280323715,34.03886384012878,56.523555770283366,Drake London,ATL,True,True,phase2_2026_redraft_flat_path
Malik Washington,Grayson  | Bargain Bin,WR,-0.14443118871566285,-0.14443118871566285,-0.14443118871566285,-0.14443118871566285,254,-0.14443118871566285,-2.081503997795492,-0.46666463378345285,0.03310812830057952,Malik Washington,MIA,True,True,phase2_2026_redraft_flat_path
Tee Higgins,Grayson  | Bargain Bin,WR,31.96704683061249,31.96704683061249,31.96704683061249,31.96704683061249,49,31.96704683061249,14.248152655340874,24.65796477128136,47.32569032919352,Tee Higgins,CIN,True,True,phase2_2026_redraft_flat_path
Wan'Dale Robinson,Grayson  | Bargain Bin,WR,7.8641841582859,7.8641841582859,7.8641841582859,7.8641841582859,113,7.8641841582859,-2.8838398538382624,4.361749789595212,13.20788061782947,Wan'Dale Robinson,TEN,True,True,phase2_2026_redraft_flat_path
Xavier Worthy,Grayson  | Bargain Bin,WR,0.06759969738257501,0.06759969738257501,0.06759969738257501,0.06759969738257501,140,0.06759969738257501,-6.45627547626813,-2.8302588851133663,1.3079388433367456,Xavier Worthy,KC,True,True,phase2_2026_redraft_flat_path
Bo Nix,John | Turbo Team,QB,30.448441361242384,30.448441361242384,30.448441361242384,30.448441361242384,29,30.448441361242384,17.341508940412552,26.23003197381518,44.21711401847277,Bo Nix,DEN,True,True,phase2_2026_redraft_flat_path
Justin Herbert,John | Turbo Team,QB,39.83185162125654,39.83185162125654,39.83185162125654,39.83185162125654,14,39.83185162125654,15.807475942425512,29.289245780369967,60.60723328656199,Justin Herbert,LAC,True,True,phase2_2026_redraft_flat_path
Jahmyr Gibbs,John | Turbo Team,RB,79.62106152943922,79.62106152943922,79.62106152943922,79.62106152943922,8,79.62106152943922,42.19080701530272,66.2637142412689,113.67237907847769,Jahmyr Gibbs,DET,True,True,phase2_2026_redraft_flat_path
Kaleb Johnson,John | Turbo Team,RB,2.8928132999641125,2.8928132999641125,2.8928132999641125,2.8928132999641125,210,2.8928132999641125,-1.5799758643208914,0.13351896489257697,2.856195575254087,Kaleb Johnson,PIT,True,True,phase2_2026_redraft_flat_path
Kenneth Walker III,John | Turbo Team,RB,31.559847731614994,31.559847731614994,31.559847731614994,31.559847731614994,40,31.559847731614994,7.903465882234627,25.59612315671268,52.14826279184284,Kenneth Walker III,KC,True,True,phase2_2026_redraft_flat_path
Ollie Gordon II,John | Turbo Team,RB,2.8928132999641125,2.8928132999641125,2.8928132999641125,2.8928132999641125,216,2.8928132999641125,-1.2047236510442962,0.32788204362685036,2.6016251290413734,Ollie Gordon II,MIA,True,True,phase2_2026_redraft_flat_path
Trevor Etienne,John | Turbo Team,RB,1.508751054320568,1.508751054320568,1.508751054320568,1.508751054320568,277,1.508751054320568,-0.5093226112584175,-0.027165814916150444,0.7120115464529613,Trevor Etienne,CAR,True,True,phase2_2026_redraft_flat_path
Brenton Strange,John | Turbo Team,TE,0.13215543314011902,0.13215543314011902,0.13215543314011902,0.13215543314011902,134,0.13215543314011902,-6.479041678769588,-2.2220699717580925,0.8078835090170934,Brenton Strange,JAC,True,True,phase2_2026_redraft_flat_path
Kyle Pitts,John | Turbo Team,TE,1.7705747134509533,1.7705747134509533,1.7705747134509533,1.7705747134509533,102,1.7705747134509533,-6.84844054766126,-1.6579105516113515,5.878190034215908,Kyle Pitts Sr.,ATL,True,True,phase2_2026_redraft_flat_path
Terrance Ferguson,John | Turbo Team,TE,0.13215543314011902,0.13215543314011902,0.13215543314011902,0.13215543314011902,196,0.13215543314011902,-2.045340779375617,-0.528650388970047,-0.13040250873329545,Terrance Ferguson,LAR,True,True,phase2_2026_redraft_flat_path
Amon-Ra St. Brown,John | Turbo Team,WR,77.07550929860976,77.07550929860976,77.07550929860976,77.07550929860976,20,77.07550929860976,54.60531669141672,70.9046339902488,93.29716021695626,Amon-Ra St. Brown,DET,True,True,phase2_2026_redraft_flat_path
Elic Ayomanor,John | Turbo Team,WR,0.005337743797833941,0.005337743797833941,0.005337743797833941,0.005337743797833941,185,0.005337743797833941,-3.8471561781346324,-1.2234648954347787,0.44558352460610273,Elic Ayomanor,TEN,True,True,phase2_2026_redraft_flat_path
Jack Bech,John | Turbo Team,WR,-0.14443118871566285,-0.14443118871566285,-0.14443118871566285,-0.14443118871566285,249,-0.14443118871566285,-2.1971731846306497,-0.5071831966564012,0.0015143003024188084,Jack Bech,LV,True,True,phase2_2026_redraft_flat_path
Jaxon Smith-Njigba,John | Turbo Team,WR,77.07550929860976,77.07550929860976,77.07550929860976,77.07550929860976,12,77.07550929860976,52.363877085688884,71.44158651547664,93.70428661375409,Jaxon Smith-Njigba,SEA,True,True,phase2_2026_redraft_flat_path
Nico Collins,John | Turbo Team,WR,37.185679404287356,37.185679404287356,37.185679404287356,37.185679404287356,33,37.185679404287356,17.370731343388584,30.37872170468694,52.92504200133027,Nico Collins,HOU,True,True,phase2_2026_redraft_flat_path
Josh Allen,Kermit,QB,83.20266625794721,83.20266625794721,83.20266625794721,83.20266625794721,1,83.20266625794721,49.66657702285309,83.09395960030511,100.71447377627536,Josh Allen,BUF,True,True,phase2_2026_redraft_flat_path
Trevor Lawrence,Kermit,QB,30.448441361242384,30.448441361242384,30.448441361242384,30.448441361242384,17,30.448441361242384,7.6651175947496775,18.54446036351203,51.649641667133075,Trevor Lawrence,JAC,True,True,phase2_2026_redraft_flat_path
Tyler Shough,Kermit,QB,12.69571115926676,12.69571115926676,12.69571115926676,12.69571115926676,50,12.69571115926676,1.127755025219514,9.3517045888143,23.145536073726305,Tyler Shough,NO,True,True,phase2_2026_redraft_flat_path
Chuba Hubbard,Kermit,RB,9.728149154788571,9.728149154788571,9.728149154788571,9.728149154788571,104,9.728149154788571,-1.4989287526555337,4.529499432741879,16.597223603538865,Chuba Hubbard,CAR,True,True,phase2_2026_redraft_flat_path
DJ Giddens,Kermit,RB,1.508751054320568,1.508751054320568,1.508751054320568,1.508751054320568,256,1.508751054320568,-0.7063195713400681,-0.09597555741132369,0.21976485679042024,DJ Giddens,IND,True,True,phase2_2026_redraft_flat_path
Josh Jacobs,Kermit,RB,31.559847731614994,31.559847731614994,31.559847731614994,31.559847731614994,48,31.559847731614994,9.726496899040761,25.405873118209378,50.46408315161793,Josh Jacobs,GB,True,True,phase2_2026_redraft_flat_path
Ben Sinnott,Kermit,TE,-0.5500154309380239,-0.5500154309380239,-0.5500154309380239,-0.5500154309380239,333,-0.5500154309380239,-0.42871406938396905,-0.12720695929904835,-0.01918951248898826,Ben Sinnott,WAS,True,True,phase2_2026_redraft_flat_path
George Kittle,Kermit,TE,0.13215543314011902,0.13215543314011902,0.13215543314011902,0.13215543314011902,136,0.13215543314011902,-6.369071291889628,-2.174807314867603,0.6190355716894215,George Kittle,SF,True,True,phase2_2026_redraft_flat_path
Adonai Mitchell,Kermit,WR,0.005337743797833941,0.005337743797833941,0.005337743797833941,0.005337743797833941,164,0.005337743797833941,-5.1750243991962215,-1.6813853263570813,1.0284072038947532,Adonai Mitchell,NYJ,True,True,phase2_2026_redraft_flat_path
Jaylen Waddle,Kermit,WR,17.912462167085724,17.912462167085724,17.912462167085724,17.912462167085724,69,17.912462167085724,1.4866669001070072,11.90273851881108,31.447191215113612,Jaylen Waddle,DEN,True,True,phase2_2026_redraft_flat_path
Pat Bryant,Kermit,WR,0.005337743797833941,0.005337743797833941,0.005337743797833941,0.005337743797833941,187,0.005337743797833941,-3.725183528470401,-1.1878863751172681,0.3888184841868132,Pat Bryant,DEN,True,True,phase2_2026_redraft_flat_path
Troy Franklin,Kermit,WR,0.005337743797833941,0.005337743797833941,0.005337743797833941,0.005337743797833941,173,0.005337743797833941,-4.607889025176273,-1.4453650437809507,0.7996221630178697,Troy Franklin,DEN,True,True,phase2_2026_redraft_flat_path
Bryce Young,Mike Vick In A Box,QB,5.044891616055359,5.044891616055359,5.044891616055359,5.044891616055359,72,5.044891616055359,-6.710657580660502,-0.4797284904363064,14.703039096148762,Bryce Young,CAR,True,True,phase2_2026_redraft_flat_path
Shedeur Sanders,Mike Vick In A Box,QB,4.53727363709093,4.53727363709093,4.53727363709093,4.53727363709093,170,4.53727363709093,-1.6439572561204594,1.7073904905656097,8.914354726575667,Shedeur Sanders,CLE,True,True,phase2_2026_redraft_flat_path
Bucky Irving,Mike Vick In A Box,RB,18.771485594998143,18.771485594998143,18.771485594998143,18.771485594998143,62,18.771485594998143,-0.502790559340152,12.350448023486546,35.311558567314975,Bucky Irving,TB,True,True,phase2_2026_redraft_flat_path
Devin Neal,Mike Vick In A Box,RB,2.8928132999641125,2.8928132999641125,2.8928132999641125,2.8928132999641125,205,2.8928132999641125,-1.8725490459573226,-0.009890200145874939,3.053433800603413,Devin Neal,NO,True,True,phase2_2026_redraft_flat_path
Jarquez Hunter,Mike Vick In A Box,RB,1.508751054320568,1.508751054320568,1.508751054320568,1.508751054320568,273,1.508751054320568,-0.5456678498037115,-0.03986096769511094,0.6211937828108162,Jarquez Hunter,LAR,True,True,phase2_2026_redraft_flat_path
Jaylen Wright,Mike Vick In A Box,RB,2.8928132999641125,2.8928132999641125,2.8928132999641125,2.8928132999641125,192,2.8928132999641125,-2.2785955860584055,-0.08671107189758143,3.308486957586501,Jaylen Wright,MIA,True,True,phase2_2026_redraft_flat_path
Tony Pollard,Mike Vick In A Box,RB,9.728149154788571,9.728149154788571,9.728149154788571,9.728149154788571,110,9.728149154788571,-0.6813100521382545,4.597913192799551,15.283678324868623,Tony Pollard,TEN,True,True,phase2_2026_redraft_flat_path
Trey McBride,Mike Vick In A Box,TE,32.879339701004305,32.879339701004305,32.879339701004305,32.879339701004305,32,32.879339701004305,17.439305338141867,23.935067759644802,48.5040297173748,Trey McBride,ARI,True,True,phase2_2026_redraft_flat_path
CeeDee Lamb,Mike Vick In A Box,WR,77.07550929860976,77.07550929860976,77.07550929860976,77.07550929860976,16,77.07550929860976,53.42214988592664,71.18806986884672,93.51206604671809,CeeDee Lamb,DAL,True,True,phase2_2026_redraft_flat_path
Chris Olave,Mike Vick In A Box,WR,31.96704683061249,31.96704683061249,31.96704683061249,31.96704683061249,38,31.96704683061249,12.900135239704056,24.980891765846653,47.57053898442673,Chris Olave,NO,True,True,phase2_2026_redraft_flat_path
DeMario Douglas,Mike Vick In A Box,WR,-0.34094458038673553,-0.34094458038673553,-0.34094458038673553,-0.34094458038673553,295,-0.34094458038673553,-1.4074102513894438,-0.35820700398371863,0.07439196618536653,DeMario Douglas,NE,True,True,phase2_2026_redraft_flat_path
DeVonta Smith,Mike Vick In A Box,WR,17.912462167085724,17.912462167085724,17.912462167085724,17.912462167085724,68,17.912462167085724,1.450636035582587,11.78377340895976,31.57973936601472,DeVonta Smith,PHI,True,True,phase2_2026_redraft_flat_path
George Pickens,Mike Vick In A Box,WR,31.96704683061249,31.96704683061249,31.96704683061249,31.96704683061249,37,31.96704683061249,12.758733059258379,25.01476564657447,47.59622272806948,George Pickens,DAL,True,True,phase2_2026_redraft_flat_path
Jordan Addison,Mike Vick In A Box,WR,2.865511280074541,2.865511280074541,2.865511280074541,2.865511280074541,114,2.865511280074541,-7.658603511821424,-0.6336770674509946,7.960950750389658,Jordan Addison,MIN,True,True,phase2_2026_redraft_flat_path
Marvin Harrison Jr.,Mike Vick In A Box,WR,12.72992065666577,12.72992065666577,12.72992065666577,12.72992065666577,94,12.72992065666577,-2.696557646044747,9.159662543906109,23.260804027227135,Marvin Harrison Jr.,ARI,True,True,phase2_2026_redraft_flat_path
Cam Ward,Slow Striders,QB,5.044891616055359,5.044891616055359,5.044891616055359,5.044891616055359,80,5.044891616055359,-5.517977245025003,-0.5194556114203435,14.027544147761464,Cam Ward,TEN,True,True,phase2_2026_redraft_flat_path
Dak Prescott,Slow Striders,QB,30.448441361242384,30.448441361242384,30.448441361242384,30.448441361242384,18,30.448441361242384,8.496817609446477,18.99485189241732,51.134309145561744,Dak Prescott,DAL,True,True,phase2_2026_redraft_flat_path
Jared Goff,Slow Striders,QB,19.015415791721118,19.015415791721118,19.015415791721118,19.015415791721118,39,19.015415791721118,10.575790465056333,18.577844365875162,28.92962232048845,Jared Goff,DET,True,True,phase2_2026_redraft_flat_path
D'Andre Swift,Slow Striders,RB,18.771485594998143,18.771485594998143,18.771485594998143,18.771485594998143,76,18.771485594998143,2.1303565270435563,12.508148664215685,32.46181382095081,D'Andre Swift,CHI,True,True,phase2_2026_redraft_flat_path
De'Von Achane,Slow Striders,RB,62.05062455969812,62.05062455969812,62.05062455969812,62.05062455969812,25,62.05062455969812,34.31336070027753,54.15664477652115,86.60603142929688,De'Von Achane,MIA,True,True,phase2_2026_redraft_flat_path
Isaac Guerendo,Slow Striders,RB,1.508751054320568,1.508751054320568,1.508751054320568,1.508751054320568,238,1.508751054320568,-1.2967933710210804,-0.38698855942092925,0.3410774100928504,Isaac Guerendo,SF,True,True,phase2_2026_redraft_flat_path
Ray Davis,Slow Striders,RB,2.8928132999641125,2.8928132999641125,2.8928132999641125,2.8928132999641125,202,2.8928132999641125,-1.9639187840445684,-0.027176649452498758,3.110826581603513,Ray Davis,BUF,True,True,phase2_2026_redraft_flat_path
Tyler Warren,Slow Striders,TE,3.8350077958068014,3.8350077958068014,3.8350077958068014,3.8350077958068014,84,3.8350077958068014,-6.181032638035054,-0.7231756447402664,10.30145586956024,Tyler Warren,IND,True,True,phase2_2026_redraft_flat_path
Brandon Aiyuk,Slow Striders,WR,0.005337743797833941,0.005337743797833941,0.005337743797833941,0.005337743797833941,156,0.005337743797833941,-5.599673311473612,-2.0641932085290664,1.0970804014483622,Brandon Aiyuk,SF,True,True,phase2_2026_redraft_flat_path
Chris Godwin,Slow Striders,WR,12.72992065666577,12.72992065666577,12.72992065666577,12.72992065666577,98,12.72992065666577,-1.6375072384721054,9.175015641176692,22.086593044056375,Chris Godwin Jr.,TB,True,True,phase2_2026_redraft_flat_path
Puka Nacua,Slow Striders,WR,86.61332007022199,86.61332007022199,86.61332007022199,86.61332007022199,9,86.61332007022199,61.90168785730111,80.97939728708887,103.24209738536632,Puka Nacua,LAR,True,True,phase2_2026_redraft_flat_path
Savion Williams,Slow Striders,WR,-0.5248590843106201,-0.5248590843106201,-0.5248590843106201,-0.5248590843106201,363,-0.5248590843106201,-0.731314095244351,-0.15110288210504508,-0.01326695916349474,Savion Williams,GB,True,True,phase2_2026_redraft_flat_path
Zay Flowers,Slow Striders,WR,17.912462167085724,17.912462167085724,17.912462167085724,17.912462167085724,57,17.912462167085724,0.9954350513172834,10.41128724859525,33.12545764293523,Zay Flowers,BAL,True,True,phase2_2026_redraft_flat_path
Drake Maye,That One Egg Was 40 Yards,QB,55.15271640756244,55.15271640756244,55.15271640756244,55.15271640756244,3,55.15271640756244,21.616627172468313,55.04400974992034,72.66452392589058,Drake Maye,NE,True,True,phase2_2026_redraft_flat_path
Jayden Daniels,That One Egg Was 40 Yards,QB,55.15271640756244,55.15271640756244,55.15271640756244,55.15271640756244,5,55.15271640756244,24.54697805319131,51.82955365006618,73.66995973084106,Jayden Daniels,WAS,True,True,phase2_2026_redraft_flat_path
Bijan Robinson,That One Egg Was 40 Yards,RB,79.62106152943922,79.62106152943922,79.62106152943922,79.62106152943922,7,79.62106152943922,41.05487617671241,65.62345698192091,114.78521392641252,Bijan Robinson,ATL,True,True,phase2_2026_redraft_flat_path
James Cook,That One Egg Was 40 Yards,RB,62.05062455969812,62.05062455969812,62.05062455969812,62.05062455969812,23,62.05062455969812,33.60404629035838,53.756846052265665,87.30092390574373,James Cook III,BUF,True,True,phase2_2026_redraft_flat_path
Tahj Brooks,That One Egg Was 40 Yards,RB,1.508751054320568,1.508751054320568,1.508751054320568,1.508751054320568,290,1.508751054320568,-0.39472410015244175,0.012862691291580353,0.9983648876862041,Tahj Brooks,CIN,True,True,phase2_2026_redraft_flat_path
Trey Benson,That One Egg Was 40 Yards,RB,3.2540769969515644,3.2540769969515644,3.2540769969515644,3.2540769969515644,155,3.2540769969515644,-3.303005904640054,-0.5103520201428102,4.213590078148748,Trey Benson,ARI,True,True,phase2_2026_redraft_flat_path
Elijah Arroyo,That One Egg Was 40 Yards,TE,-0.5500154309380239,-0.5500154309380239,-0.5500154309380239,-0.5500154309380239,304,-0.5500154309380239,-0.8766008203426393,-0.26301526497227606,-0.03640949751154776,Elijah Arroyo,SEA,True,True,phase2_2026_redraft_flat_path
Mason Taylor,That One Egg Was 40 Yards,TE,0.13215543314011902,0.13215543314011902,0.13215543314011902,0.13215543314011902,200,0.13215543314011902,-1.9276750476845073,-0.4807855760626577,-0.10916047534135556,Mason Taylor,NYJ,True,True,phase2_2026_redraft_flat_path
Arian Smith,That One Egg Was 40 Yards,WR,-0.5248590843106201,-0.5248590843106201,-0.5248590843106201,-0.5248590843106201,345,-0.5248590843106201,-0.9318188859208275,-0.2460278867232073,-0.029897126067781943,Arian Smith,NYJ,True,True,phase2_2026_redraft_flat_path
Garrett Wilson,That One Egg Was 40 Yards,WR,31.96704683061249,31.96704683061249,31.96704683061249,31.96704683061249,53,31.96704683061249,14.664230153510758,24.55829049821066,47.25011562613854,Garrett Wilson,NYJ,True,True,phase2_2026_redraft_flat_path
Ja'Marr Chase,That One Egg Was 40 Yards,WR,77.07550929860976,77.07550929860976,77.07550929860976,77.07550929860976,10,77.07550929860976,52.363877085688884,71.44158651547664,93.70428661375409,Ja'Marr Chase,CIN,True,True,phase2_2026_redraft_flat_path
Jakobi Meyers,That One Egg Was 40 Yards,WR,7.8641841582859,7.8641841582859,7.8641841582859,7.8641841582859,108,7.8641841582859,-4.0339696967944825,4.345076310007796,14.483074965534797,Jakobi Meyers,JAC,True,True,phase2_2026_redraft_flat_path
Jalen Royals,That One Egg Was 40 Yards,WR,-0.34094458038673553,-0.34094458038673553,-0.34094458038673553,-0.34094458038673553,287,-0.34094458038673553,-1.5673644761671595,-0.41423848039312733,0.03070214348082695,Jalen Royals,KC,True,True,phase2_2026_redraft_flat_path
Josh Downs,That One Egg Was 40 Yards,WR,2.865511280074541,2.865511280074541,2.865511280074541,2.865511280074541,133,2.865511280074541,-4.093905954980724,-0.424975022174487,4.176285237377536,Josh Downs,IND,True,True,phase2_2026_redraft_flat_path
Konata Mumpfield,That One Egg Was 40 Yards,WR,-0.14443118871566285,-0.14443118871566285,-0.14443118871566285,-0.14443118871566285,261,-0.14443118871566285,-1.9233358909411746,-0.4112588290274711,0.07631009158464366,Konata Mumpfield,LAR,True,True,phase2_2026_redraft_flat_path
J.J. McCarthy,Turner | Banana Breath,QB,4.53727363709093,4.53727363709093,4.53727363709093,4.53727363709093,186,4.53727363709093,-1.1967250647484118,2.31775633593554,8.674774684759539,J.J. McCarthy,MIN,True,True,phase2_2026_redraft_flat_path
Jalen Hurts,Turner | Banana Breath,QB,55.15271640756244,55.15271640756244,55.15271640756244,55.15271640756244,6,55.15271640756244,25.71238370581118,50.55115885662623,74.06982330286033,Jalen Hurts,PHI,True,True,phase2_2026_redraft_flat_path
Michael Penix Jr.,Turner | Banana Breath,QB,4.53727363709093,4.53727363709093,4.53727363709093,4.53727363709093,153,4.53727363709093,-2.167820936498236,0.9924408418128232,9.19498587270542,Michael Penix Jr.,ATL,True,True,phase2_2026_redraft_flat_path
Patrick Mahomes,Turner | Banana Breath,QB,30.448441361242384,30.448441361242384,30.448441361242384,30.448441361242384,24,30.448441361242384,13.831962722035403,23.3591348510352,46.9618356929374,Patrick Mahomes II,KC,True,True,phase2_2026_redraft_flat_path
Ashton Jeanty,Turner | Banana Breath,RB,62.05062455969812,62.05062455969812,62.05062455969812,62.05062455969812,26,62.05062455969812,34.647005221664294,54.3447005274546,86.27917064023467,Ashton Jeanty,LV,True,True,phase2_2026_redraft_flat_path
Derrick Henry,Turner | Banana Breath,RB,31.559847731614994,31.559847731614994,31.559847731614994,31.559847731614994,47,31.559847731614994,9.515984117929882,25.427842061328047,50.65856220144518,Derrick Henry,BAL,True,True,phase2_2026_redraft_flat_path
Jacory Croskey-Merritt,Turner | Banana Breath,RB,7.34496711333726,7.34496711333726,7.34496711333726,7.34496711333726,123,7.34496711333726,-1.4361779687431753,2.3509793704328557,10.28452831505888,Jacory Croskey-Merritt,WAS,True,True,phase2_2026_redraft_flat_path
Quinshon Judkins,Turner | Banana Breath,RB,18.771485594998143,18.771485594998143,18.771485594998143,18.771485594998143,77,18.771485594998143,2.360244279852843,12.555964617671538,32.18017589132692,Quinshon Judkins,CLE,True,True,phase2_2026_redraft_flat_path
RJ Harvey,Turner | Banana Breath,RB,14.403822712444544,14.403822712444544,14.403822712444544,14.403822712444544,82,14.403822712444544,-0.9010058351739403,8.418432225970646,26.45703496634708,RJ Harvey,DEN,True,True,phase2_2026_redraft_flat_path
Zach Charbonnet,Turner | Banana Breath,RB,7.34496711333726,7.34496711333726,7.34496711333726,7.34496711333726,117,7.34496711333726,-2.1651821387590378,2.289980378681623,11.455709924590838,Zach Charbonnet,SEA,True,True,phase2_2026_redraft_flat_path
Brock Bowers,Turner | Banana Breath,TE,32.879339701004305,32.879339701004305,32.879339701004305,32.879339701004305,35,32.879339701004305,17.439305338141867,23.935067759644802,48.5040297173748,Brock Bowers,LV,True,True,phase2_2026_redraft_flat_path
Dalton Kincaid,Turner | Banana Breath,TE,1.6985433716080356,1.6985433716080356,1.6985433716080356,1.6985433716080356,119,1.6985433716080356,-5.7938689004042585,-1.0344073514441303,3.887548521875063,Dalton Kincaid,BUF,True,True,phase2_2026_redraft_flat_path
Courtland Sutton,Turner | Banana Breath,WR,12.72992065666577,12.72992065666577,12.72992065666577,12.72992065666577,86,12.72992065666577,-3.152304834607987,8.51493157643813,24.264998305638663,Courtland Sutton,DEN,True,True,phase2_2026_redraft_flat_path
Ladd McConkey,Turner | Banana Breath,WR,17.912462167085724,17.912462167085724,17.912462167085724,17.912462167085724,59,17.912462167085724,1.100243438029782,10.626862676753895,32.868742322454466,Ladd McConkey,LAC,True,True,phase2_2026_redraft_flat_path
Travis Hunter,Turner | Banana Breath,WR,0.005337743797833941,0.005337743797833941,0.005337743797833941,0.005337743797833941,159,0.005337743797833941,-5.437931114903257,-1.9183876125724295,1.0709238436503874,Travis Hunter,JAC,True,True,phase2_2026_redraft_flat_path
Aaron Rodgers,,QB,4.53727363709093,4.53727363709093,4.53727363709093,4.53727363709093,204,4.53727363709093,-0.7234257995076536,2.8620688220045296,8.332336412515165,Aaron Rodgers,FA,True,False,phase2_2026_redraft_flat_path
Anthony Richardson Sr.,,QB,3.018827817436416,3.018827817436416,3.018827817436416,3.018827817436416,266,3.018827817436416,-0.7504341111796649,2.131631534651775,4.923795785879399,Anthony Richardson Sr.,IND,True,False,phase2_2026_redraft_flat_path
Baker Mayfield,,QB,11.207087019027778,11.207087019027778,11.207087019027778,11.207087019027778,52,11.207087019027778,-0.8546898265833782,7.404286938682786,21.74146164022711,Baker Mayfield,TB,True,False,phase2_2026_redraft_flat_path
Deshaun Watson,,QB,3.018827817436416,3.018827817436416,3.018827817436416,3.018827817436416,274,3.018827817436416,-0.5839008831125727,2.2196202059345165,4.712748666657339,Deshaun Watson,CLE,True,False,phase2_2026_redraft_flat_path
Fernando Mendoza,,QB,4.53727363709093,4.53727363709093,4.53727363709093,4.53727363709093,95,4.53727363709093,-4.405610193359635,-0.9578668466375939,12.298941084015276,Fernando Mendoza,FA,True,False,phase2_2026_redraft_flat_path
Garrett Nussmeier,,QB,0.3117505794872334,0.3117505794872334,0.3117505794872334,0.3117505794872334,314,0.3117505794872334,-2.525157884297242,-0.08283204601969774,1.0351494692947956,Garrett Nussmeier,FA,True,False,phase2_2026_redraft_flat_path
Geno Smith,,QB,4.53727363709093,4.53727363709093,4.53727363709093,4.53727363709093,195,4.53727363709093,-0.9617786997679456,2.6384023883539776,8.54891509541763,Geno Smith,NYJ,True,False,phase2_2026_redraft_flat_path
Jacoby Brissett,,QB,4.53727363709093,4.53727363709093,4.53727363709093,4.53727363709093,103,4.53727363709093,-4.03981453136055,-0.7620529071811335,11.579266645411998,Jacoby Brissett,ARI,True,False,phase2_2026_redraft_flat_path
Jameis Winston,,QB,0.3117505794872334,0.3117505794872334,0.3117505794872334,0.3117505794872334,310,0.3117505794872334,-2.597211245976348,-0.1209018032038024,1.126462503871379,Jameis Winston,NYG,True,False,phase2_2026_redraft_flat_path
Joe Milton III,,QB,3.018827817436416,3.018827817436416,3.018827817436416,3.018827817436416,271,3.018827817436416,-0.645774005991449,2.1869292292843023,4.791160311542999,Joe Milton III,DAL,True,False,phase2_2026_redraft_flat_path
Justin Fields,,QB,0.3117505794872334,0.3117505794872334,0.3117505794872334,0.3117505794872334,312,0.3117505794872334,-2.5610690942150782,-0.10180591496765945,1.0806596505895736,Justin Fields,KC,True,False,phase2_2026_redraft_flat_path
Kirk Cousins,,QB,0.3117505794872334,0.3117505794872334,0.3117505794872334,0.3117505794872334,283,0.3117505794872334,-3.1093437596758546,-0.3914896007510623,1.77548668319425,Kirk Cousins,LV,True,False,phase2_2026_redraft_flat_path
Lamar Jackson,,QB,63.69653245674492,63.69653245674492,63.69653245674492,63.69653245674492,2,63.69653245674492,30.160443221650794,63.58782579910282,81.20833997507306,Lamar Jackson,BAL,True,False,phase2_2026_redraft_flat_path
Mac Jones,,QB,4.53727363709093,4.53727363709093,4.53727363709093,4.53727363709093,224,4.53727363709093,-0.19780138225719135,3.1397851348655332,7.666213979526641,Mac Jones,SF,True,False,phase2_2026_redraft_flat_path
Malik Willis,,QB,12.69571115926676,12.69571115926676,12.69571115926676,12.69571115926676,45,12.69571115926676,2.454329700431277,10.584183982899381,22.91840607060761,Malik Willis,MIA,True,False,phase2_2026_redraft_flat_path
Matthew Stafford,,QB,30.448441361242384,30.448441361242384,30.448441361242384,30.448441361242384,30,30.448441361242384,17.97022277089293,26.744335708448066,43.72541384694657,Matthew Stafford,LAR,True,False,phase2_2026_redraft_flat_path
Riley Leonard,,QB,0.3117505794872334,0.3117505794872334,0.3117505794872334,0.3117505794872334,313,0.3117505794872334,-2.5430848061323506,-0.092303825620495,1.057868209895287,Riley Leonard,IND,True,False,phase2_2026_redraft_flat_path
Sam Darnold,,QB,11.207087019027778,11.207087019027778,11.207087019027778,11.207087019027778,64,11.207087019027778,-1.8817653569838786,5.726878055345859,21.620373605026828,Sam Darnold,SEA,True,False,phase2_2026_redraft_flat_path
Tua Tagovailoa,,QB,4.53727363709093,4.53727363709093,4.53727363709093,4.53727363709093,176,4.53727363709093,-1.4714969758148486,1.942757860831453,8.821968619393889,Tua Tagovailoa,ATL,True,False,phase2_2026_redraft_flat_path
Ty Simpson,,QB,4.53727363709093,4.53727363709093,4.53727363709093,4.53727363709093,193,4.53727363709093,-1.013037981275314,2.5684456292165905,8.57637443542919,Ty Simpson,FA,True,False,phase2_2026_redraft_flat_path
Aaron Jones Sr.,,RB,7.34496711333726,7.34496711333726,7.34496711333726,7.34496711333726,118,7.34496711333726,-2.04112142928442,2.3003610850001204,11.256400198558683,Aaron Jones Sr.,MIN,True,False,phase2_2026_redraft_flat_path
Adam Randall,,RB,1.508751054320568,1.508751054320568,1.508751054320568,1.508751054320568,301,1.508751054320568,-0.30169947542052666,0.04535558088165392,1.2308104216802618,Adam Randall,FA,True,False,phase2_2026_redraft_flat_path
Alvin Kamara,,RB,4.7975727776325225,4.7975727776325225,4.7975727776325225,4.7975727776325225,138,4.7975727776325225,-2.561402826660669,0.1548005033839459,5.806864704213648,Alvin Kamara,NO,True,False,phase2_2026_redraft_flat_path
Antonio Gibson,,RB,0.2728089350536773,0.2728089350536773,0.2728089350536773,0.2728089350536773,325,0.2728089350536773,-1.2745963253541321,-0.9724955037562439,0.15653550284722456,Antonio Gibson,FA,True,False,phase2_2026_redraft_flat_path
Audric Estime,,RB,1.508751054320568,1.508751054320568,1.508751054320568,1.508751054320568,263,1.508751054320568,-0.638913411897682,-0.07243102925263156,0.3881961809825678,Audric Estime,NO,True,False,phase2_2026_redraft_flat_path
Austin Ekeler,,RB,1.508751054320568,1.508751054320568,1.508751054320568,1.508751054320568,303,1.508751054320568,-0.2851517917991002,0.051135577935466525,1.2721589911244506,Austin Ekeler,FA,True,False,phase2_2026_redraft_flat_path
Bam Knight,,RB,1.508751054320568,1.508751054320568,1.508751054320568,1.508751054320568,267,1.508751054320568,-0.6011966037802552,-0.05925679624302416,0.48244115782254293,Bam Knight,ARI,True,False,phase2_2026_redraft_flat_path
Braelon Allen,,RB,3.7926720518373394,3.7926720518373394,3.7926720518373394,3.7926720518373394,146,3.7926720518373394,-3.1773179997192784,-0.42402970671068463,4.777817042524141,Braelon Allen,NYJ,True,False,phase2_2026_redraft_flat_path
Brian Robinson Jr.,,RB,3.2540769969515644,3.2540769969515644,3.2540769969515644,3.2540769969515644,172,3.2540769969515644,-2.599095619018666,0.14556818884706857,4.0979921847109715,Brian Robinson Jr.,ATL,True,False,phase2_2026_redraft_flat_path
Chris Brooks,,RB,1.508751054320568,1.508751054320568,1.508751054320568,1.508751054320568,275,1.508751054320568,-0.5274291476966055,-0.033490309006185104,0.6667677892941806,Chris Brooks,GB,True,False,phase2_2026_redraft_flat_path
Chris Rodriguez Jr.,,RB,3.2540769969515644,3.2540769969515644,3.2540769969515644,3.2540769969515644,161,3.2540769969515644,-3.0408478041875044,-0.22320038618344107,4.197316170798537,Chris Rodriguez Jr.,JAC,True,False,phase2_2026_redraft_flat_path
Christian McCaffrey,,RB,62.05062455969812,62.05062455969812,62.05062455969812,62.05062455969812,15,62.05062455969812,29.967846377592693,51.70733448739085,90.86319181811504,Christian McCaffrey,SF,True,False,phase2_2026_redraft_flat_path
Dameon Pierce,,RB,0.2728089350536773,0.2728089350536773,0.2728089350536773,0.2728089350536773,319,0.2728089350536773,-1.3433835246880148,-1.035834072667481,0.13902613694422264,Dameon Pierce,PHI,True,False,phase2_2026_redraft_flat_path
David Montgomery,,RB,18.771485594998143,18.771485594998143,18.771485594998143,18.771485594998143,78,18.771485594998143,2.5871656562251815,12.603163573849773,31.902172101007867,David Montgomery,HOU,True,False,phase2_2026_redraft_flat_path
Demond Claiborne,,RB,1.508751054320568,1.508751054320568,1.508751054320568,1.508751054320568,250,1.508751054320568,-0.7655798451920106,-0.11667478130927389,0.0716880863670406,Demond Claiborne,FA,True,False,phase2_2026_redraft_flat_path
Devin Singletary,,RB,1.508751054320568,1.508751054320568,1.508751054320568,1.508751054320568,262,1.508751054320568,-0.6484322466267811,-0.07575589561753349,0.364410966820371,Devin Singletary,NYG,True,False,phase2_2026_redraft_flat_path
Emanuel Wilson,,RB,3.2540769969515644,3.2540769969515644,3.2540769969515644,3.2540769969515644,180,3.2540769969515644,-2.3173288419169182,0.19887628855957118,3.921003837476537,Emanuel Wilson,SEA,True,False,phase2_2026_redraft_flat_path
Emari Demercado,,RB,1.508751054320568,1.508751054320568,1.508751054320568,1.508751054320568,279,1.508751054320568,-0.49134633880005896,-0.020886821177515946,0.7569298061379395,Emari Demercado,KC,True,False,phase2_2026_redraft_flat_path
Emmett Johnson,,RB,3.2540769969515644,3.2540769969515644,3.2540769969515644,3.2540769969515644,157,3.2540769969515644,-3.2145089623286864,-0.41341798857464607,4.208096480821539,Emmett Johnson,FA,True,False,phase2_2026_redraft_flat_path
George Holani,,RB,1.508751054320568,1.508751054320568,1.508751054320568,1.508751054320568,241,1.508751054320568,-1.129936417054693,-0.3005644688127669,0.22788194389154115,George Holani,SEA,True,False,phase2_2026_redraft_flat_path
Isaiah Davis,,RB,2.8928132999641125,2.8928132999641125,2.8928132999641125,2.8928132999641125,220,2.8928132999641125,-0.960302616331747,0.4544806968348758,2.4358103259060675,Isaiah Davis,NYJ,True,False,phase2_2026_redraft_flat_path
J'Mari Taylor,,RB,1.508751054320568,1.508751054320568,1.508751054320568,1.508751054320568,307,1.508751054320568,-0.2489848613646357,0.06977624031816743,1.3389392248609502,J'Mari Taylor,FA,True,False,phase2_2026_redraft_flat_path
J.K. Dobbins,,RB,7.34496711333726,7.34496711333726,7.34496711333726,7.34496711333726,120,7.34496711333726,-1.7961233029379375,2.3208611579801577,10.86279847205478,J.K. Dobbins,DEN,True,False,phase2_2026_redraft_flat_path
Jadarian Price,,RB,3.2540769969515644,3.2540769969515644,3.2540769969515644,3.2540769969515644,151,3.2540769969515644,-3.4834780655469597,-0.7080299702009509,4.224793192684676,Jadarian Price,FA,True,False,phase2_2026_redraft_flat_path
Jaleel McLaughlin,,RB,1.508751054320568,1.508751054320568,1.508751054320568,1.508751054320568,244,1.508751054320568,-0.9651437258124356,-0.2152095696555354,0.11608686991761785,Jaleel McLaughlin,DEN,True,False,phase2_2026_redraft_flat_path
Jam Miller,,RB,0.2728089350536773,0.2728089350536773,0.2728089350536773,0.2728089350536773,331,0.2728089350536773,-1.2070674992820951,-0.9103156324273081,0.17372455744089027,Jam Miller,FA,True,False,phase2_2026_redraft_flat_path
James Conner,,RB,7.34496711333726,7.34496711333726,7.34496711333726,7.34496711333726,126,7.34496711333726,-1.084906865912087,2.3803717717185355,9.72019374398663,James Conner,ARI,True,False,phase2_2026_redraft_flat_path
Javonte Williams,,RB,18.771485594998143,18.771485594998143,18.771485594998143,18.771485594998143,61,18.771485594998143,-0.6653793086901771,12.367415653515264,35.46176372502243,Javonte Williams,DAL,True,False,phase2_2026_redraft_flat_path
Jawhar Jordan,,RB,1.3811468091901502,1.3811468091901502,1.3811468091901502,1.3811468091901502,311,1.3811468091901502,-0.32880238244157467,-0.013826464644693948,1.2234988015587311,Jawhar Jordan,HOU,True,False,phase2_2026_redraft_flat_path
Jaylen Warren,,RB,14.403822712444544,14.403822712444544,14.403822712444544,14.403822712444544,88,14.403822712444544,0.34088618883379773,8.676741990155497,24.935579846690782,Jaylen Warren,PIT,True,False,phase2_2026_redraft_flat_path
Jeremiyah Love,,RB,31.559847731614994,31.559847731614994,31.559847731614994,31.559847731614994,43,31.559847731614994,8.626599292973307,25.520657540402382,51.48020692427666,Jeremiyah Love,FA,True,False,phase2_2026_redraft_flat_path
Jeremy McNichols,,RB,0.2728089350536773,0.2728089350536773,0.2728089350536773,0.2728089350536773,330,0.2728089350536773,-1.2182368659960836,-0.9206002741943755,0.1708814626413655,Jeremy McNichols,WAS,True,False,phase2_2026_redraft_flat_path
Jerome Ford,,RB,1.508751054320568,1.508751054320568,1.508751054320568,1.508751054320568,245,1.508751054320568,-0.910662780128072,-0.18699099036160738,0.07912709150123831,Jerome Ford,WAS,True,False,phase2_2026_redraft_flat_path
Joe Mixon,,RB,2.8928132999641125,2.8928132999641125,2.8928132999641125,2.8928132999641125,212,2.8928132999641125,-1.4537135668343897,0.19891692391660687,2.7705394531214,Joe Mixon,FA,True,False,phase2_2026_redraft_flat_path
Jonah Coleman,,RB,3.2540769969515644,3.2540769969515644,3.2540769969515644,3.2540769969515644,171,3.2540769969515644,-2.635234506546519,0.13873099022610402,4.120692383933309,Jonah Coleman,FA,True,False,phase2_2026_redraft_flat_path
Jordan Mason,,RB,4.7975727776325225,4.7975727776325225,4.7975727776325225,4.7975727776325225,135,4.7975727776325225,-2.713115899692651,-0.011376535353089245,5.816282549743031,Jordan Mason,MIN,True,False,phase2_2026_redraft_flat_path
Justice Hill,,RB,1.508751054320568,1.508751054320568,1.508751054320568,1.508751054320568,259,1.508751054320568,-0.6772082778467039,-0.08580717406089255,0.2925067805640855,Justice Hill,BAL,True,False,phase2_2026_redraft_flat_path
Kaelon Black,,RB,0.20760429750939266,0.20760429750939266,0.20760429750939266,0.20760429750939266,334,0.20760429750939266,-1.2389653886264242,-0.9448517475357187,0.11699795137512982,Kaelon Black,FA,True,False,phase2_2026_redraft_flat_path
Kareem Hunt,,RB,1.508751054320568,1.508751054320568,1.508751054320568,1.508751054320568,281,1.508751054320568,-0.4734984693836244,-0.014652677776910483,0.8015272183727673,Kareem Hunt,FA,True,False,phase2_2026_redraft_flat_path
Kaytron Allen,,RB,2.8928132999641125,2.8928132999641125,2.8928132999641125,2.8928132999641125,214,2.8928132999641125,-1.328636848330559,0.26370080853147426,2.6856876257002718,Kaytron Allen,FA,True,False,phase2_2026_redraft_flat_path
Keaton Mitchell,,RB,3.2540769969515644,3.2540769969515644,3.2540769969515644,3.2540769969515644,175,3.2540769969515644,-2.4919263496852997,0.1658437875336949,4.03067512182394,Keaton Mitchell,LAC,True,False,phase2_2026_redraft_flat_path
Kendre Miller,,RB,2.8928132999641125,2.8928132999641125,2.8928132999641125,2.8928132999641125,213,2.8928132999641125,-1.3910284033829505,0.2313849039266338,2.7280139476982317,Kendre Miller,NO,True,False,phase2_2026_redraft_flat_path
Kenneth Gainwell,,RB,7.34496711333726,7.34496711333726,7.34496711333726,7.34496711333726,127,7.34496711333726,-0.9696727055273318,2.390013921774573,9.535064309912826,Kenneth Gainwell,TB,True,False,phase2_2026_redraft_flat_path
Kimani Vidal,,RB,3.2540769969515644,3.2540769969515644,3.2540769969515644,3.2540769969515644,178,3.2540769969515644,-2.386578742808749,0.18577474174204278,3.9645023138798345,Kimani Vidal,LAC,True,False,phase2_2026_redraft_flat_path
Kyren Williams,,RB,18.771485594998143,18.771485594998143,18.771485594998143,18.771485594998143,58,18.771485594998143,-1.169636797395885,12.420039556102457,35.92761438147311,Kyren Williams,LAR,True,False,phase2_2026_redraft_flat_path
Le'Veon Moss,,RB,1.508751054320568,1.508751054320568,1.508751054320568,1.508751054320568,306,1.508751054320568,-0.2605339464162475,0.05973442941458562,1.3336728992137474,Le'Veon Moss,FA,True,False,phase2_2026_redraft_flat_path
LeQuint Allen Jr.,,RB,1.508751054320568,1.508751054320568,1.508751054320568,1.508751054320568,260,1.508751054320568,-0.6675793985146738,-0.082443869839957,0.3165669689770816,LeQuint Allen Jr.,JAC,True,False,phase2_2026_redraft_flat_path
Malik Davis,,RB,1.508751054320568,1.508751054320568,1.508751054320568,1.508751054320568,246,1.508751054320568,-0.856403753371014,-0.1588873546827052,0.042317862497622594,Malik Davis,DAL,True,False,phase2_2026_redraft_flat_path
MarShawn Lloyd,,RB,1.508751054320568,1.508751054320568,1.508751054320568,1.508751054320568,272,1.508751054320568,-0.5548373686979116,-0.0430638203363547,0.5982814225409058,MarShawn Lloyd,GB,True,False,phase2_2026_redraft_flat_path
Michael Carter,,RB,1.508751054320568,1.508751054320568,1.508751054320568,1.508751054320568,293,1.508751054320568,-0.36900835590518977,0.02184503162308471,1.0626221735482382,Michael Carter,TEN,True,False,phase2_2026_redraft_flat_path
Mike Washington Jr.,,RB,3.2540769969515644,3.2540769969515644,3.2540769969515644,3.2540769969515644,179,3.2540769969515644,-2.3518570741210567,0.19234381349573493,3.9426923233001534,Mike Washington Jr.,FA,True,False,phase2_2026_redraft_flat_path
Miles Sanders,,RB,-0.10647714164013557,-0.10647714164013557,-0.10647714164013557,-0.10647714164013557,344,-0.10647714164013557,-1.4441459251341713,-1.1586583187844277,-0.16936342110520772,Miles Sanders,FA,True,False,phase2_2026_redraft_flat_path
Najee Harris,,RB,1.5249712444617614,1.5249712444617614,1.5249712444617614,1.5249712444617614,227,1.5249712444617614,-1.910911419551606,-0.697254067105241,0.7849179606376674,Najee Harris,LAC,True,False,phase2_2026_redraft_flat_path
Nicholas Singleton,,RB,2.8928132999641125,2.8928132999641125,2.8928132999641125,2.8928132999641125,215,2.8928132999641125,-1.2665361640547967,0.2958660556913766,2.643558629929252,Nicholas Singleton,FA,True,False,phase2_2026_redraft_flat_path
Nick Chubb,,RB,1.508751054320568,1.508751054320568,1.508751054320568,1.508751054320568,288,1.508751054320568,-0.412016149058402,0.006822692339617298,0.9551563334632674,Nick Chubb,FA,True,False,phase2_2026_redraft_flat_path
Rachaad White,,RB,4.7975727776325225,4.7975727776325225,4.7975727776325225,4.7975727776325225,141,4.7975727776325225,-2.4129526546354336,0.3174035638463524,5.79764940878127,Rachaad White,WAS,True,False,phase2_2026_redraft_flat_path
Raheim Sanders,,RB,1.508751054320568,1.508751054320568,1.508751054320568,1.508751054320568,309,1.508751054320568,-0.2250141740017837,0.09184821080227268,1.3450408184720728,Raheim Sanders,CLE,True,False,phase2_2026_redraft_flat_path
Rhamondre Stevenson,,RB,9.728149154788571,9.728149154788571,9.728149154788571,9.728149154788571,100,9.728149154788571,-2.086688903476354,4.468666076434618,17.505736962337732,Rhamondre Stevenson,NE,True,False,phase2_2026_redraft_flat_path
Rico Dowdle,,RB,14.403822712444544,14.403822712444544,14.403822712444544,14.403822712444544,96,14.403822712444544,1.8710824182502002,8.995018152282324,23.060920180376797,Rico Dowdle,PIT,True,False,phase2_2026_redraft_flat_path
Roschon Johnson,,RB,-0.10647714164013557,-0.10647714164013557,-0.10647714164013557,-0.10647714164013557,347,-0.10647714164013557,-1.4120924136171558,-1.1291437642200934,-0.1612043934509002,Roschon Johnson,CHI,True,False,phase2_2026_redraft_flat_path
Samaje Perine,,RB,1.508751054320568,1.508751054320568,1.508751054320568,1.508751054320568,278,1.508751054320568,-0.5003183092817338,-0.024020671457553044,0.7345110705009841,Samaje Perine,CIN,True,False,phase2_2026_redraft_flat_path
Saquon Barkley,,RB,32.27114748725395,32.27114748725395,32.27114748725395,32.27114748725395,34,32.27114748725395,7.149608259872011,25.8514975023563,54.26401320184141,Saquon Barkley,PHI,True,False,phase2_2026_redraft_flat_path
Sean Tucker,,RB,2.8928132999641125,2.8928132999641125,2.8928132999641125,2.8928132999641125,194,2.8928132999641125,-2.2143690874627113,-0.07455991402673057,3.268143869760353,Sean Tucker,TB,True,False,phase2_2026_redraft_flat_path
Seth McGowan,,RB,1.508751054320568,1.508751054320568,1.508751054320568,1.508751054320568,305,1.508751054320568,-0.26871297530523,0.05687754841764936,1.313235528537635,Seth McGowan,FA,True,False,phase2_2026_redraft_flat_path
Tank Bigsby,,RB,3.2540769969515644,3.2540769969515644,3.2540769969515644,3.2540769969515644,163,3.2540769969515644,-2.955628611271539,-0.1298565968888301,4.192026045307164,Tank Bigsby,PHI,True,False,phase2_2026_redraft_flat_path
Terrell Jennings,,RB,0.2728089350536773,0.2728089350536773,0.2728089350536773,0.2728089350536773,323,0.2728089350536773,-1.2973832673565946,-0.9934774932873747,0.15073522446410587,Terrell Jennings,NE,True,False,phase2_2026_redraft_flat_path
Ty Chandler,,RB,0.20760429750939266,0.20760429750939266,0.20760429750939266,0.20760429750939266,341,0.20760429750939266,-1.162398761761048,-0.8743499591364804,0.13648752354446994,Ty Chandler,NO,True,False,phase2_2026_redraft_flat_path
Ty Johnson,,RB,1.5249712444617614,1.5249712444617614,1.5249712444617614,1.5249712444617614,230,1.5249712444617614,-1.7360217390453676,-0.6066694002081783,0.6662731067786569,Ty Johnson,BUF,True,False,phase2_2026_redraft_flat_path
Tyler Badie,,RB,0.20760429750939266,0.20760429750939266,0.20760429750939266,0.20760429750939266,337,0.20760429750939266,-1.2059564692854499,-0.9144574629506516,0.12540017231740777,Tyler Badie,DEN,True,False,phase2_2026_redraft_flat_path
Tyler Goodson,,RB,-0.10647714164013557,-0.10647714164013557,-0.10647714164013557,-0.10647714164013557,350,-0.10647714164013557,-1.3803148324512489,-1.099883283578344,-0.15311560219999465,Tyler Goodson,ATL,True,False,phase2_2026_redraft_flat_path
Tyrone Tracy Jr.,,RB,4.7975727776325225,4.7975727776325225,4.7975727776325225,4.7975727776325225,142,4.7975727776325225,-2.364170353005737,0.3708366547830231,5.794621164925058,Tyrone Tracy Jr.,NYG,True,False,phase2_2026_redraft_flat_path
Will Shipley,,RB,1.508751054320568,1.508751054320568,1.508751054320568,1.508751054320568,291,1.508751054320568,-0.38612274537813973,0.015867087942594837,1.0198575463166135,Will Shipley,PHI,True,False,phase2_2026_redraft_flat_path
AJ Barner,,TE,0.13215543314011902,0.13215543314011902,0.13215543314011902,0.13215543314011902,184,0.13215543314011902,-2.413310852391099,-0.6783355899820185,-0.19683164205776038,AJ Barner,SEA,True,False,phase2_2026_redraft_flat_path
Austin Hooper,,TE,-0.5500154309380239,-0.5500154309380239,-0.5500154309380239,-0.5500154309380239,366,-0.5500154309380239,-0.09870145803667757,-0.015621782064053735,-0.002631233762113161,Austin Hooper,ATL,True,False,phase2_2026_redraft_flat_path
Cade Otton,,TE,0.13215543314011902,0.13215543314011902,0.13215543314011902,0.13215543314011902,234,0.13215543314011902,-1.1029959687980861,-0.011645074373163283,0.22445650748333357,Cade Otton,TB,True,False,phase2_2026_redraft_flat_path
Charlie Kolar,,TE,-0.5500154309380239,-0.5500154309380239,-0.5500154309380239,-0.5500154309380239,361,-0.5500154309380239,-0.10499839934006239,-0.016786756434447825,-0.0028863764840202366,Charlie Kolar,LAC,True,False,phase2_2026_redraft_flat_path
Chig Okonkwo,,TE,0.13215543314011902,0.13215543314011902,0.13215543314011902,0.13215543314011902,203,0.13215543314011902,-1.8409599626511568,-0.44551106357957027,-0.0935059198017795,Chig Okonkwo,WAS,True,False,phase2_2026_redraft_flat_path
Colby Parkinson,,TE,0.13215543314011902,0.13215543314011902,0.13215543314011902,0.13215543314011902,231,0.13215543314011902,-1.158949913350058,-0.0630004744943736,0.17483738984099514,Colby Parkinson,LAR,True,False,phase2_2026_redraft_flat_path
Cole Kmet,,TE,-0.5500154309380239,-0.5500154309380239,-0.5500154309380239,-0.5500154309380239,348,-0.5500154309380239,-0.1920427281849275,-0.04527048326063576,-0.007194010788461602,Cole Kmet,CHI,True,False,phase2_2026_redraft_flat_path
Daniel Bellinger,,TE,-0.5500154309380239,-0.5500154309380239,-0.5500154309380239,-0.5500154309380239,326,-0.5500154309380239,-0.542833667982094,-0.16671557791199942,-0.02497357502952191,Daniel Bellinger,TEN,True,False,phase2_2026_redraft_flat_path
Darnell Washington,,TE,-0.5500154309380239,-0.5500154309380239,-0.5500154309380239,-0.5500154309380239,346,-0.5500154309380239,-0.2230028743848077,-0.05598899807700641,-0.008763201567994483,Darnell Washington,PIT,True,False,phase2_2026_redraft_flat_path
Darren Waller,,TE,-0.5500154309380239,-0.5500154309380239,-0.5500154309380239,-0.5500154309380239,318,-0.5500154309380239,-0.6762957009147578,-0.21292061739005058,-0.03173799371616437,Darren Waller,FA,True,False,phase2_2026_redraft_flat_path
David Njoku,,TE,0.13215543314011902,0.13215543314011902,0.13215543314011902,0.13215543314011902,211,0.13215543314011902,-1.615839934851552,-0.35393531032099856,-0.05286530949845744,David Njoku,FA,True,False,phase2_2026_redraft_flat_path
Dawson Knox,,TE,-0.5500154309380239,-0.5500154309380239,-0.5500154309380239,-0.5500154309380239,352,-0.5500154309380239,-0.13065268289946463,-0.024017027100521005,-0.004082504389392061,Dawson Knox,BUF,True,False,phase2_2026_redraft_flat_path
Eli Stowers,,TE,0.13215543314011902,0.13215543314011902,0.13215543314011902,0.13215543314011902,226,0.13215543314011902,-1.2538414576728645,-0.15009340897535417,0.09068899353547334,Eli Stowers,FA,True,False,phase2_2026_redraft_flat_path
Elijah Higgins,,TE,-0.5500154309380239,-0.5500154309380239,-0.5500154309380239,-0.5500154309380239,353,-0.5500154309380239,-0.11541417482075367,-0.018741400378135653,-0.003310152533668509,Elijah Higgins,ARI,True,False,phase2_2026_redraft_flat_path
Evan Engram,,TE,0.13215543314011902,0.13215543314011902,0.13215543314011902,0.13215543314011902,253,0.13215543314011902,-0.7644625746786331,0.29906613729570697,0.5246628368703714,Evan Engram,DEN,True,False,phase2_2026_redraft_flat_path
Greg Dulcich,,TE,-0.5500154309380239,-0.5500154309380239,-0.5500154309380239,-0.5500154309380239,282,-0.5500154309380239,-1.0847334176742784,-0.24452722140925165,-0.02118131353246211,Greg Dulcich,MIA,True,False,phase2_2026_redraft_flat_path
Gunnar Helm,,TE,0.13215543314011902,0.13215543314011902,0.13215543314011902,0.13215543314011902,221,0.13215543314011902,-1.3508560304911752,-0.239134892012265,0.00465792744643681,Gunnar Helm,TEN,True,False,phase2_2026_redraft_flat_path
Hunter Henry,,TE,0.13215543314011902,0.13215543314011902,0.13215543314011902,0.13215543314011902,147,0.13215543314011902,-5.752480149718,-1.9143926707489531,-0.3072502629785877,Hunter Henry,NE,True,False,phase2_2026_redraft_flat_path
Ja'Tavion Sanders,,TE,-0.5500154309380239,-0.5500154309380239,-0.5500154309380239,-0.5500154309380239,343,-0.5500154309380239,-0.2697802715513651,-0.07218350250098549,-0.01113407733358096,Ja'Tavion Sanders,CAR,True,False,phase2_2026_redraft_flat_path
Jackson Hawes,,TE,-0.5500154309380239,-0.5500154309380239,-0.5500154309380239,-0.5500154309380239,364,-0.5500154309380239,-0.10120985014681372,-0.016085850629793175,-0.002732870089935724,Jackson Hawes,BUF,True,False,phase2_2026_redraft_flat_path
Jake Ferguson,,TE,0.2218103216669981,0.2218103216669981,0.2218103216669981,0.2218103216669981,121,0.2218103216669981,-7.14688466402451,-2.4579696540531213,2.1983605102272836,Jake Ferguson,DAL,True,False,phase2_2026_redraft_flat_path
Jake Tonges,,TE,-0.5500154309380239,-0.5500154309380239,-0.5500154309380239,-0.5500154309380239,280,-0.5500154309380239,-1.1044533939834085,-0.24277553144939357,-0.019738486069831862,Jake Tonges,SF,True,False,phase2_2026_redraft_flat_path
Jeremy Ruckert,,TE,-0.5500154309380239,-0.5500154309380239,-0.5500154309380239,-0.5500154309380239,370,-0.5500154309380239,-0.0937255349722727,-0.014701204507460042,-0.002429616739897944,Jeremy Ruckert,NYJ,True,False,phase2_2026_redraft_flat_path
John Bates,,TE,-0.5500154309380239,-0.5500154309380239,-0.5500154309380239,-0.5500154309380239,292,-0.5500154309380239,-0.9881854966162309,-0.25310339925609043,-0.028245317554510985,John Bates,WAS,True,False,phase2_2026_redraft_flat_path
Jonnu Smith,,TE,-0.5500154309380239,-0.5500154309380239,-0.5500154309380239,-0.5500154309380239,354,-0.5500154309380239,-0.11396221833182435,-0.01844512021507272,-0.003249577134312287,Jonnu Smith,FA,True,False,phase2_2026_redraft_flat_path
Juwan Johnson,,TE,0.13215543314011902,0.13215543314011902,0.13215543314011902,0.13215543314011902,125,0.13215543314011902,-6.995124279882588,-2.4438699998891193,1.694132411799215,Juwan Johnson,NO,True,False,phase2_2026_redraft_flat_path
Kenyon Sadiq,,TE,0.13215543314011902,0.13215543314011902,0.13215543314011902,0.13215543314011902,191,0.13215543314011902,-2.195846715400062,-0.5898741485619474,-0.15757313923690863,Kenyon Sadiq,FA,True,False,phase2_2026_redraft_flat_path
Luke Musgrave,,TE,-0.5500154309380239,-0.5500154309380239,-0.5500154309380239,-0.5500154309380239,349,-0.5500154309380239,-0.17662931590109254,-0.039934304068570015,-0.006412794049988069,Luke Musgrave,GB,True,False,phase2_2026_redraft_flat_path
Mark Andrews,,TE,0.13215543314011902,0.13215543314011902,0.13215543314011902,0.13215543314011902,160,0.13215543314011902,-4.449014316049233,-1.4329047663012204,-0.26823428814504463,Mark Andrews,BAL,True,False,phase2_2026_redraft_flat_path
Max Klare,,TE,-0.5500154309380239,-0.5500154309380239,-0.5500154309380239,-0.5500154309380239,351,-0.5500154309380239,-0.14593454383338367,-0.02930766273849361,-0.004857053550652246,Max Klare,FA,True,False,phase2_2026_redraft_flat_path
Michael Mayer,,TE,-0.5500154309380239,-0.5500154309380239,-0.5500154309380239,-0.5500154309380239,317,-0.5500154309380239,-0.6932140471691632,-0.21877781017672532,-0.032595486855116595,Michael Mayer,LV,True,False,phase2_2026_redraft_flat_path
Michael Trigg,,TE,-0.5500154309380239,-0.5500154309380239,-0.5500154309380239,-0.5500154309380239,340,-0.5500154309380239,-0.3169686027988172,-0.0885202737930273,-0.013525780971444634,Michael Trigg,FA,True,False,phase2_2026_redraft_flat_path
Mike Gesicki,,TE,-0.5500154309380239,-0.5500154309380239,-0.5500154309380239,-0.5500154309380239,265,-0.5500154309380239,-1.2570044889648322,-0.22922469258146916,-0.008576966104333672,Mike Gesicki,CIN,True,False,phase2_2026_redraft_flat_path
Mitchell Evans,,TE,-0.5500154309380239,-0.5500154309380239,-0.5500154309380239,-0.5500154309380239,359,-0.5500154309380239,-0.1075416304074916,-0.017257270429862137,-0.0029894244347187238,Mitchell Evans,CAR,True,False,phase2_2026_redraft_flat_path
Noah Fant,,TE,-0.5500154309380239,-0.5500154309380239,-0.5500154309380239,-0.5500154309380239,336,-0.5500154309380239,-0.38053822632285617,-0.11052830783829776,-0.016747757587714185,Noah Fant,NO,True,False,phase2_2026_redraft_flat_path
Noah Gray,,TE,-0.5500154309380239,-0.5500154309380239,-0.5500154309380239,-0.5500154309380239,298,-0.5500154309380239,-0.9318314526898421,-0.2581092274272708,-0.03236850517566536,Noah Gray,KC,True,False,phase2_2026_redraft_flat_path
Oronde Gadsden II,,TE,1.7705747134509533,1.7705747134509533,1.7705747134509533,1.7705747134509533,116,1.7705747134509533,-5.911367821197218,-1.0438316089445312,4.2850529312905,Oronde Gadsden II,LAC,True,False,phase2_2026_redraft_flat_path
Pat Freiermuth,,TE,0.13215543314011902,0.13215543314011902,0.13215543314011902,0.13215543314011902,232,0.13215543314011902,-1.140218262034975,-0.045808273731412774,0.19144833689183371,Pat Freiermuth,PIT,True,False,phase2_2026_redraft_flat_path
Sam LaPorta,,TE,1.7705747134509533,1.7705747134509533,1.7705747134509533,1.7705747134509533,99,1.7705747134509533,-7.06324378783262,-1.831610233797937,6.24087850129216,Sam LaPorta,DET,True,False,phase2_2026_redraft_flat_path
Sam Roush,,TE,-0.5500154309380239,-0.5500154309380239,-0.5500154309380239,-0.5500154309380239,355,-0.5500154309380239,-0.11267087639029333,-0.01820621370589337,-0.0031972538741767975,Sam Roush,FA,True,False,phase2_2026_redraft_flat_path
T.J. Hockenson,,TE,0.13215543314011902,0.13215543314011902,0.13215543314011902,0.13215543314011902,190,0.13215543314011902,-2.2264203059363408,-0.6023110677047935,-0.16309254766406256,T.J. Hockenson,MIN,True,False,phase2_2026_redraft_flat_path
Theo Johnson,,TE,0.13215543314011902,0.13215543314011902,0.13215543314011902,0.13215543314011902,225,0.13215543314011902,-1.2730715137395543,-0.1677430533671071,0.07363606863657594,Theo Johnson,NYG,True,False,phase2_2026_redraft_flat_path
Tommy Myers,,TE,-0.5500154309380239,-0.5500154309380239,-0.5500154309380239,-0.5500154309380239,285,-0.5500154309380239,-1.055414149631832,-0.24713159915571786,-0.02332648066921328,Tommy Myers,FA,True,False,phase2_2026_redraft_flat_path
Tommy Tremble,,TE,-0.5500154309380239,-0.5500154309380239,-0.5500154309380239,-0.5500154309380239,360,-0.5500154309380239,-0.10626824873881979,-0.017021686685904536,-0.0029378288982006007,Tommy Tremble,CAR,True,False,phase2_2026_redraft_flat_path
Travis Kelce,,TE,0.13215543314011902,0.13215543314011902,0.13215543314011902,0.13215543314011902,128,0.13215543314011902,-6.819079696315556,-2.3682102246840007,1.3918177848566655,Travis Kelce,KC,True,False,phase2_2026_redraft_flat_path
Tucker Kraft,,TE,4.090401345401198,4.090401345401198,4.090401345401198,4.090401345401198,81,4.090401345401198,-6.187317896207058,-0.6793874960128594,10.998685797318323,Tucker Kraft,GB,True,False,phase2_2026_redraft_flat_path
Tyler Higbee,,TE,-0.5500154309380239,-0.5500154309380239,-0.5500154309380239,-0.5500154309380239,327,-0.5500154309380239,-0.5263816781066255,-0.1610198393938243,-0.024139718798647514,Tyler Higbee,LAR,True,False,phase2_2026_redraft_flat_path
Zach Ertz,,TE,-0.5500154309380239,-0.5500154309380239,-0.5500154309380239,-0.5500154309380239,358,-0.5500154309380239,-0.10881856405194462,-0.017493511312031695,-0.0030411638920272432,Zach Ertz,FA,True,False,phase2_2026_redraft_flat_path
A.J. Brown,,WR,31.96704683061249,31.96704683061249,31.96704683061249,31.96704683061249,44,31.96704683061249,13.677466079926734,24.794676729524262,47.42934762540418,A.J. Brown,PHI,True,False,phase2_2026_redraft_flat_path
Alec Pierce,,WR,12.72992065666577,12.72992065666577,12.72992065666577,12.72992065666577,92,12.72992065666577,-2.9858550066737486,9.0645082331822,23.65267281187937,Alec Pierce,IND,True,False,phase2_2026_redraft_flat_path
Andrei Iosivas,,WR,-0.14443118871566285,-0.14443118871566285,-0.14443118871566285,-0.14443118871566285,247,-0.14443118871566285,-2.22855876426203,-0.528600520081196,-0.0068629874288035075,Andrei Iosivas,CIN,True,False,phase2_2026_redraft_flat_path
Antonio Williams,,WR,-0.5248590843106201,-0.5248590843106201,-0.5248590843106201,-0.5248590843106201,299,-0.5248590843106201,-1.5129670932912251,-0.5146730582202677,-0.08811996230766972,Antonio Williams,FA,True,False,phase2_2026_redraft_flat_path
Calvin Austin III,,WR,-0.14443118871566285,-0.14443118871566285,-0.14443118871566285,-0.14443118871566285,264,-0.14443118871566285,-1.8568440990938497,-0.3879669574217657,0.09447162874412662,Calvin Austin III,NYG,True,False,phase2_2026_redraft_flat_path
Calvin Ridley,,WR,0.005337743797833941,0.005337743797833941,0.005337743797833941,0.005337743797833941,197,0.005337743797833941,-3.1342505909424565,-1.0155156052602483,0.11380328876222615,Calvin Ridley,TEN,True,False,phase2_2026_redraft_flat_path
Carnell Tate,,WR,12.72992065666577,12.72992065666577,12.72992065666577,12.72992065666577,91,12.72992065666577,-3.012828722002192,8.975447616694037,23.751902073705565,Carnell Tate,FA,True,False,phase2_2026_redraft_flat_path
Cedric Tillman,,WR,-0.14443118871566285,-0.14443118871566285,-0.14443118871566285,-0.14443118871566285,268,-0.14443118871566285,-1.7693542028729776,-0.3573195139861587,0.11836857838481529,Cedric Tillman,CLE,True,False,phase2_2026_redraft_flat_path
Chimere Dike,,WR,0.005337743797833941,0.005337743797833941,0.005337743797833941,0.005337743797833941,174,0.005337743797833941,-4.542509321857163,-1.42629426759223,0.7691950015867872,Chimere Dike,TEN,True,False,phase2_2026_redraft_flat_path
Chris Bell,,WR,-0.14443118871566285,-0.14443118871566285,-0.14443118871566285,-0.14443118871566285,243,-0.14443118871566285,-2.2878858121464836,-0.5733117506009745,-0.02261905566663544,Chris Bell,FA,True,False,phase2_2026_redraft_flat_path
Chris Brazzell II,,WR,0.005337743797833941,0.005337743797833941,0.005337743797833941,0.005337743797833941,228,0.005337743797833941,-2.369641095816355,-0.5980287055505928,0.06566171117914714,Chris Brazzell II,FA,True,False,phase2_2026_redraft_flat_path
Christian Kirk,,WR,-0.14443118871566285,-0.14443118871566285,-0.14443118871566285,-0.14443118871566285,255,-0.14443118871566285,-2.0586435815047954,-0.4586566997768238,0.03935221179434459,Christian Kirk,SF,True,False,phase2_2026_redraft_flat_path
Christian Watson,,WR,14.250383893794003,14.250383893794003,14.250383893794003,14.250383893794003,74,14.250383893794003,-2.0027486523884352,8.81075035625857,27.14993183603443,Christian Watson,GB,True,False,phase2_2026_redraft_flat_path
Cooper Kupp,,WR,0.005337743797833941,0.005337743797833941,0.005337743797833941,0.005337743797833941,229,0.005337743797833941,-2.3537386592124188,-0.586043994795904,0.06988507784265298,Cooper Kupp,SEA,True,False,phase2_2026_redraft_flat_path
DJ Moore,,WR,14.250383893794003,14.250383893794003,14.250383893794003,14.250383893794003,79,14.250383893794003,-1.8413794004882238,9.34355219247103,26.556296456090372,DJ Moore,BUF,True,False,phase2_2026_redraft_flat_path
Darius Slayton,,WR,0.005337743797833941,0.005337743797833941,0.005337743797833941,0.005337743797833941,239,0.005337743797833941,-2.198428653653283,-0.468996177515208,0.11113228519356938,Darius Slayton,NYG,True,False,phase2_2026_redraft_flat_path
Darnell Mooney,,WR,0.005337743797833941,0.005337743797833941,0.005337743797833941,0.005337743797833941,201,0.005337743797833941,-2.906235936312821,-0.9490054159287657,0.007687195343971468,Darnell Mooney,NYG,True,False,phase2_2026_redraft_flat_path
David Sills V,,WR,-0.5248590843106201,-0.5248590843106201,-0.5248590843106201,-0.5248590843106201,362,-0.5248590843106201,-0.7421897190799024,-0.15625172986739544,-0.014168999653217051,David Sills V,TB,True,False,phase2_2026_redraft_flat_path
DeAndre Hopkins,,WR,-0.5248590843106201,-0.5248590843106201,-0.5248590843106201,-0.5248590843106201,320,-0.5248590843106201,-1.2283805398151433,-0.3864291024273787,-0.05449439272178275,DeAndre Hopkins,BAL,True,False,phase2_2026_redraft_flat_path
Demarcus Robinson,,WR,-0.5248590843106201,-0.5248590843106201,-0.5248590843106201,-0.5248590843106201,368,-0.5248590843106201,-0.6773815012132108,-0.12556956831138077,-0.008793709236183944,Demarcus Robinson,SF,True,False,phase2_2026_redraft_flat_path
Denzel Boston,,WR,0.005337743797833941,0.005337743797833941,0.005337743797833941,0.005337743797833941,167,0.005337743797833941,-5.008284020008917,-1.5621573041597974,0.9859626100600845,Denzel Boston,FA,True,False,phase2_2026_redraft_flat_path
Devaughn Vele,,WR,0.005337743797833941,0.005337743797833941,0.005337743797833941,0.005337743797833941,237,0.005337743797833941,-2.2289641355684733,-0.49200893509589294,0.10302267661051864,Devaughn Vele,NO,True,False,phase2_2026_redraft_flat_path
Dontayvion Wicks,,WR,0.005337743797833941,0.005337743797833941,0.005337743797833941,0.005337743797833941,217,0.005337743797833941,-2.5493213418768623,-0.73344290848057,0.017942259110107866,Dontayvion Wicks,GB,True,False,phase2_2026_redraft_flat_path
Dyami Brown,,WR,-0.5248590843106201,-0.5248590843106201,-0.5248590843106201,-0.5248590843106201,369,-0.5248590843106201,-0.6666829569536866,-0.1205045553517573,-0.007906355991064373,Dyami Brown,WAS,True,False,phase2_2026_redraft_flat_path
Elijah Sarratt,,WR,0.005337743797833941,0.005337743797833941,0.005337743797833941,0.005337743797833941,236,0.005337743797833941,-2.244328644567516,-0.5035882421434534,0.09894217267745278,Elijah Sarratt,FA,True,False,phase2_2026_redraft_flat_path
Germie Bernard,,WR,-0.14443118871566285,-0.14443118871566285,-0.14443118871566285,-0.14443118871566285,251,-0.14443118871566285,-2.150629188710357,-0.4908789770396223,0.014227305742220753,Germie Bernard,FA,True,False,phase2_2026_redraft_flat_path
Greg Dortch,,WR,-0.5248590843106201,-0.5248590843106201,-0.5248590843106201,-0.5248590843106201,332,-0.5248590843106201,-1.0832447220595132,-0.317717436615145,-0.04245661115595056,Greg Dortch,DET,True,False,phase2_2026_redraft_flat_path
Hollywood Brown,,WR,-0.14443118871566285,-0.14443118871566285,-0.14443118871566285,-0.14443118871566285,269,-0.14443118871566285,-1.7476857664270518,-0.34972912687862284,0.12428708505710029,Hollywood Brown,PHI,True,False,phase2_2026_redraft_flat_path
Isaiah Bond,,WR,-0.14443118871566285,-0.14443118871566285,-0.14443118871566285,-0.14443118871566285,248,-0.14443118871566285,-2.2138771242307786,-0.517535850335211,-0.002963839731007667,Isaiah Bond,CLE,True,False,phase2_2026_redraft_flat_path
Jahan Dotson,,WR,-0.34094458038673553,-0.34094458038673553,-0.34094458038673553,-0.34094458038673553,294,-0.34094458038673553,-1.4271656811031401,-0.36512727067563616,0.06899597728389906,Jahan Dotson,ATL,True,False,phase2_2026_redraft_flat_path
Jalen Nailor,,WR,0.005337743797833941,0.005337743797833941,0.005337743797833941,0.005337743797833941,240,0.005337743797833941,-2.1832566025322246,-0.45756191440384125,0.1151616761930482,Jalen Nailor,LV,True,False,phase2_2026_redraft_flat_path
Jalen Tolbert,,WR,-0.5248590843106201,-0.5248590843106201,-0.5248590843106201,-0.5248590843106201,316,-0.5248590843106201,-1.2779712709181668,-0.4099068475879328,-0.05860752205084502,Jalen Tolbert,MIA,True,False,phase2_2026_redraft_flat_path
Jauan Jennings,,WR,2.865511280074541,2.865511280074541,2.865511280074541,2.865511280074541,130,2.865511280074541,-4.320891807861285,-0.5852901237459109,4.2602980586727455,Jauan Jennings,FA,True,False,phase2_2026_redraft_flat_path
Jerry Jeudy,,WR,0.005337743797833941,0.005337743797833941,0.005337743797833941,0.005337743797833941,162,0.005337743797833941,-5.27921231469032,-1.7753075150760207,1.0452562222168609,Jerry Jeudy,CLE,True,False,phase2_2026_redraft_flat_path
Jimmy Horn Jr.,,WR,-0.5248590843106201,-0.5248590843106201,-0.5248590843106201,-0.5248590843106201,367,-0.5248590843106201,-0.6881091571936733,-0.1306483636361796,-0.009683477050932754,Jimmy Horn Jr.,CAR,True,False,phase2_2026_redraft_flat_path
John Metchie III,,WR,-0.34094458038673553,-0.34094458038673553,-0.34094458038673553,-0.34094458038673553,297,-0.34094458038673553,-1.368099504125453,-0.3444365692795432,0.08512928544488263,John Metchie III,CAR,True,False,phase2_2026_redraft_flat_path
Jordan Whittington,,WR,-0.5248590843106201,-0.5248590843106201,-0.5248590843106201,-0.5248590843106201,324,-0.5248590843106201,-1.1794058585829312,-0.36324301382343116,-0.05043235948941921,Jordan Whittington,LAR,True,False,phase2_2026_redraft_flat_path
Jordyn Tyson,,WR,12.72992065666577,12.72992065666577,12.72992065666577,12.72992065666577,101,12.72992065666577,-0.8712120350788286,9.186124654224187,21.23697130958408,Jordyn Tyson,FA,True,False,phase2_2026_redraft_flat_path
Joshua Palmer,,WR,-0.34094458038673553,-0.34094458038673553,-0.34094458038673553,-0.34094458038673553,296,-0.34094458038673553,-1.3877216760496451,-0.35131015617479167,0.07976969451418164,Joshua Palmer,BUF,True,False,phase2_2026_redraft_flat_path
JuJu Smith-Schuster,,WR,-0.5248590843106201,-0.5248590843106201,-0.5248590843106201,-0.5248590843106201,357,-0.5248590843106201,-0.7970224686370769,-0.1822112043885794,-0.018716909824740724,JuJu Smith-Schuster,FA,True,False,phase2_2026_redraft_flat_path
Justin Jefferson,,WR,48.04702395698566,48.04702395698566,48.04702395698566,48.04702395698566,22,48.04702395698566,26.0821914209469,41.75508611110988,64.17688323199332,Justin Jefferson,MIN,True,False,phase2_2026_redraft_flat_path
K.C. Concepcion,,WR,0.005337743797833941,0.005337743797833941,0.005337743797833941,0.005337743797833941,206,0.005337743797833941,-2.7383507710762083,-0.8759030288697536,-0.03226014757670421,K.C. Concepcion,FA,True,False,phase2_2026_redraft_flat_path
KaVontae Turpin,,WR,-0.5248590843106201,-0.5248590843106201,-0.5248590843106201,-0.5248590843106201,342,-0.5248590843106201,-0.9662506431249724,-0.26232891724017215,-0.032752947453300596,KaVontae Turpin,DAL,True,False,phase2_2026_redraft_flat_path
Kalif Raymond,,WR,-0.5248590843106201,-0.5248590843106201,-0.5248590843106201,-0.5248590843106201,322,-0.5248590843106201,-1.203817151068391,-0.37480005465073263,-0.05245706856002491,Kalif Raymond,CHI,True,False,phase2_2026_redraft_flat_path
Kayshon Boutte,,WR,0.005337743797833941,0.005337743797833941,0.005337743797833941,0.005337743797833941,169,0.005337743797833941,-4.873242578409024,-1.5227667138357055,0.9231154643122534,Kayshon Boutte,NE,True,False,phase2_2026_redraft_flat_path
Keenan Allen,,WR,0.005337743797833941,0.005337743797833941,0.005337743797833941,0.005337743797833941,235,0.005337743797833941,-2.259758395838639,-0.5152167183705134,0.09484434171181846,Keenan Allen,LAC,True,False,phase2_2026_redraft_flat_path
Keon Coleman,,WR,0.005337743797833941,0.005337743797833941,0.005337743797833941,0.005337743797833941,222,0.005337743797833941,-2.466545530958099,-0.6710597544989563,0.03992584622231403,Keon Coleman,BUF,True,False,phase2_2026_redraft_flat_path
Khalil Shakir,,WR,2.865511280074541,2.865511280074541,2.865511280074541,2.865511280074541,131,2.865511280074541,-4.2225630917754895,-0.5409554583389946,4.197091359132105,Khalil Shakir,BUF,True,False,phase2_2026_redraft_flat_path
Luke McCaffrey,,WR,-0.34094458038673553,-0.34094458038673553,-0.34094458038673553,-0.34094458038673553,270,-0.34094458038673553,-1.9226111241986235,-0.5386802962086079,-0.06632976105589478,Luke McCaffrey,WAS,True,False,phase2_2026_redraft_flat_path
Mack Hollins,,WR,0.005337743797833941,0.005337743797833941,0.005337743797833941,0.005337743797833941,218,0.005337743797833941,-2.532614641346013,-0.7208520723392784,0.022379222063426584,Mack Hollins,NE,True,False,phase2_2026_redraft_flat_path
Makai Lemon,,WR,12.72992065666577,12.72992065666577,12.72992065666577,12.72992065666577,93,12.72992065666577,-2.9591729047899804,9.152606013337188,23.55451631984041,Makai Lemon,FA,True,False,phase2_2026_redraft_flat_path
Malachi Fields,,WR,-0.14443118871566285,-0.14443118871566285,-0.14443118871566285,-0.14443118871566285,242,-0.14443118871566285,-2.3028701672544614,-0.5846045585075444,-0.026598598387874872,Malachi Fields,FA,True,False,phase2_2026_redraft_flat_path
Michael Pittman Jr.,,WR,7.8641841582859,7.8641841582859,7.8641841582859,7.8641841582859,111,7.8641841582859,-3.337664986821393,4.355170667996557,13.711054453349828,Michael Pittman Jr.,PIT,True,False,phase2_2026_redraft_flat_path
Michael Wilson,,WR,7.8641841582859,7.8641841582859,7.8641841582859,7.8641841582859,106,7.8641841582859,-4.509002819072901,4.338189735316979,15.009762935777571,Michael Wilson,ARI,True,False,phase2_2026_redraft_flat_path
Mike Evans,,WR,14.250383893794003,14.250383893794003,14.250383893794003,14.250383893794003,70,14.250383893794003,-2.1398989563853643,8.357913567674785,27.654472024849373,Mike Evans,SF,True,False,phase2_2026_redraft_flat_path
Mitch Tinsley,,WR,-0.5248590843106201,-0.5248590843106201,-0.5248590843106201,-0.5248590843106201,335,-0.5248590843106201,-1.0477805146359715,-0.300927613079751,-0.039515156806695706,Mitch Tinsley,CIN,True,False,phase2_2026_redraft_flat_path
Nick Westbrook-Ikhine,,WR,-0.5248590843106201,-0.5248590843106201,-0.5248590843106201,-0.5248590843106201,328,-0.5248590843106201,-1.1310321088571371,-0.3403414242872089,-0.046420168414023855,Nick Westbrook-Ikhine,IND,True,False,phase2_2026_redraft_flat_path
Noah Brown,,WR,-0.5248590843106201,-0.5248590843106201,-0.5248590843106201,-0.5248590843106201,338,-0.5248590843106201,-1.0126324856315347,-0.284287477927325,-0.03659992676790996,Noah Brown,FA,True,False,phase2_2026_redraft_flat_path
Olamide Zaccheaus,,WR,-0.34094458038673553,-0.34094458038673553,-0.34094458038673553,-0.34094458038673553,289,-0.34094458038673553,-1.5269617550431795,-0.4000855305808908,0.04173772397356279,Olamide Zaccheaus,ATL,True,False,phase2_2026_redraft_flat_path
Omar Cooper Jr.,,WR,0.005337743797833941,0.005337743797833941,0.005337743797833941,0.005337743797833941,182,0.005337743797833941,-4.032610125655027,-1.2775604410999786,0.5318922245965656,Omar Cooper Jr.,FA,True,False,phase2_2026_redraft_flat_path
Parker Washington,,WR,2.865511280074541,2.865511280074541,2.865511280074541,2.865511280074541,115,2.865511280074541,-7.436649855604633,-0.6304593961776619,7.714861972158593,Parker Washington,JAC,True,False,phase2_2026_redraft_flat_path
Quentin Johnston,,WR,2.865511280074541,2.865511280074541,2.865511280074541,2.865511280074541,122,2.865511280074541,-5.9349917828184555,-0.6086897973995593,6.049914402690211,Quentin Johnston,LAC,True,False,phase2_2026_redraft_flat_path
Rashod Bateman,,WR,0.005337743797833941,0.005337743797833941,0.005337743797833941,0.005337743797833941,207,0.005337743797833941,-2.720754121848233,-0.8626414918800822,-0.027586832185499264,Rashod Bateman,BAL,True,False,phase2_2026_redraft_flat_path
Romeo Doubs,,WR,0.06759969738257501,0.06759969738257501,0.06759969738257501,0.06759969738257501,137,0.06759969738257501,-6.64020776359403,-2.9960681627037986,1.3376839290742257,Romeo Doubs,NE,True,False,phase2_2026_redraft_flat_path
Ryan Flournoy,,WR,0.005337743797833941,0.005337743797833941,0.005337743797833941,0.005337743797833941,198,0.005337743797833941,-3.076815799258547,-0.9987623010688318,0.08707362206739269,Ryan Flournoy,DAL,True,False,phase2_2026_redraft_flat_path
Skyler Bell,,WR,-0.5248590843106201,-0.5248590843106201,-0.5248590843106201,-0.5248590843106201,315,-0.5248590843106201,-1.2904670377668692,-0.4158227198312773,-0.059643939622663955,Skyler Bell,FA,True,False,phase2_2026_redraft_flat_path
Stefon Diggs,,WR,0.06759969738257501,0.06759969738257501,0.06759969738257501,0.06759969738257501,139,0.06759969738257501,-6.517144615635196,-2.8851305347445257,1.3177824536977256,Stefon Diggs,FA,True,False,phase2_2026_redraft_flat_path
Tank Dell,,WR,0.005337743797833941,0.005337743797833941,0.005337743797833941,0.005337743797833941,209,0.005337743797833941,-2.685814420298765,-0.836309538648344,-0.0183075516304464,Tank Dell,HOU,True,False,phase2_2026_redraft_flat_path
Ted Hurst,,WR,-0.5248590843106201,-0.5248590843106201,-0.5248590843106201,-0.5248590843106201,308,-0.5248590843106201,-1.3790642750311188,-0.45776731939965043,-0.06699232685068074,Ted Hurst,FA,True,False,phase2_2026_redraft_flat_path
Terry McLaurin,,WR,17.912462167085724,17.912462167085724,17.912462167085724,17.912462167085724,66,17.912462167085724,1.3769568212945806,11.540502648259842,31.850785974044406,Terry McLaurin,WAS,True,False,phase2_2026_redraft_flat_path
Tez Johnson,,WR,-0.34094458038673553,-0.34094458038673553,-0.34094458038673553,-0.34094458038673553,284,-0.34094458038673553,-1.628499558419154,-0.435653912987985,0.014003735493611391,Tez Johnson,TB,True,False,phase2_2026_redraft_flat_path
Tre Tucker,,WR,0.005337743797833941,0.005337743797833941,0.005337743797833941,0.005337743797833941,189,0.005337743797833941,-3.6045084847930573,-1.1526863568745727,0.3326573386283531,Tre Tucker,LV,True,False,phase2_2026_redraft_flat_path
Treylon Burks,,WR,-0.5248590843106201,-0.5248590843106201,-0.5248590843106201,-0.5248590843106201,339,-0.5248590843106201,-1.000985767736462,-0.2787735710214292,-0.03563393058483255,Treylon Burks,WAS,True,False,phase2_2026_redraft_flat_path
Tutu Atwell,,WR,-0.5248590843106201,-0.5248590843106201,-0.5248590843106201,-0.5248590843106201,321,-0.5248590843106201,-1.2160797150457567,-0.3806055216336146,-0.05347414393727684,Tutu Atwell,MIA,True,False,phase2_2026_redraft_flat_path
Tyquan Thornton,,WR,-0.14443118871566285,-0.14443118871566285,-0.14443118871566285,-0.14443118871566285,258,-0.14443118871566285,-1.9905963910489308,-0.4348199767890263,0.05793858980774319,Tyquan Thornton,KC,True,False,phase2_2026_redraft_flat_path
Tyreek Hill,,WR,0.005337743797833941,0.005337743797833941,0.005337743797833941,0.005337743797833941,148,0.005337743797833941,-6.046682232932912,-2.467157948549498,1.1693696057394305,Tyreek Hill,FA,True,False,phase2_2026_redraft_flat_path
Tyrell Shavers,,WR,-0.5248590843106201,-0.5248590843106201,-0.5248590843106201,-0.5248590843106201,356,-0.5248590843106201,-0.8080811326630309,-0.18744670888796167,-0.01963413194132746,Tyrell Shavers,BUF,True,False,phase2_2026_redraft_flat_path
Xavier Hutchinson,,WR,-0.5248590843106201,-0.5248590843106201,-0.5248590843106201,-0.5248590843106201,302,-0.5248590843106201,-1.4566224052868546,-0.494485673349512,-0.07342511405035662,Xavier Hutchinson,HOU,True,False,phase2_2026_redraft_flat_path
Zachariah Branch,,WR,-0.14443118871566285,-0.14443118871566285,-0.14443118871566285,-0.14443118871566285,257,-0.14443118871566285,-2.013190471719147,-0.44273461424123994,0.051767253101722394,Zachariah Branch,FA,True,False,phase2_2026_redraft_flat_path
Zay Jones,,WR,-0.5248590843106201,-0.5248590843106201,-0.5248590843106201,-0.5248590843106201,365,-0.5248590843106201,-0.7096524410761986,-0.14084760284208364,-0.011470309203042817,Zay Jones,FA,True,False,phase2_2026_redraft_flat_path
