season,week,cutline_type,key,raw_cutline,shrunk_cutline,base_cutline
2015,1,slot,QB,18.04,18.799,19.42
2015,1,slot,RB,12.0,11.595,11.1
2015,1,slot,WR,10.3,10.57,10.9
2015,1,slot,TE,14.1,12.18,10.9
2015,1,slot,FLEX,9.3,9.14,8.9
2015,1,slot,SF,13.06,13.36,13.66
2015,1,position,QB,13.06,13.39,13.66
2015,1,position,RB,9.5,9.32,9.1
2015,1,position,WR,9.3,9.255,9.2
2015,1,position,TE,9.3,9.06,8.9
2015,2,slot,QB,21.62,20.41,19.42
2015,2,slot,RB,10.0,10.495000000000001,11.1
2015,2,slot,WR,13.0,12.055,10.9
2015,2,slot,TE,10.8,10.86,10.9
2015,2,slot,FLEX,9.4,9.2,8.9
2015,2,slot,SF,18.22,15.94,13.66
2015,2,position,QB,18.22,15.712,13.66
2015,2,position,RB,9.5,9.32,9.1
2015,2,position,WR,9.4,9.31,9.2
2015,2,position,TE,9.4,9.1,8.9
2015,3,slot,QB,19.16,19.303,19.42
2015,3,slot,RB,11.2,11.155000000000001,11.1
2015,3,slot,WR,11.7,11.34,10.9
2015,3,slot,TE,10.3,10.66,10.9
2015,3,slot,FLEX,9.1,9.02,8.9
2015,3,slot,SF,14.62,14.14,13.66
2015,3,position,QB,14.62,14.091999999999999,13.66
2015,3,position,RB,9.1,9.1,9.1
2015,3,position,WR,9.2,9.2,9.2
2015,3,position,TE,9.5,9.14,8.9
2015,4,slot,QB,17.939999999999998,18.753999999999998,19.42
2015,4,slot,RB,14.0,12.695,11.1
2015,4,slot,WR,11.1,11.010000000000002,10.9
2015,4,slot,TE,8.1,9.780000000000001,10.9
2015,4,slot,FLEX,9.8,9.440000000000001,8.9
2015,4,slot,SF,14.34,14.0,13.66
2015,4,position,QB,14.34,13.966000000000001,13.66
2015,4,position,RB,9.8,9.485,9.1
2015,4,position,WR,10.0,9.64,9.2
2015,4,position,TE,8.1,8.58,8.9
2015,5,slot,QB,19.88,19.627,19.42
2015,5,slot,RB,12.6,11.925,11.1
2015,5,slot,WR,9.9,10.350000000000001,10.9
2015,5,slot,TE,9.5,10.34,10.9
2015,5,slot,FLEX,8.7,8.780000000000001,8.9
2015,5,slot,SF,12.52,13.09,13.66
2015,5,position,QB,12.52,13.147,13.66
2015,5,position,RB,8.7,8.879999999999999,9.1
2015,5,position,WR,8.7,8.925,9.2
2015,5,position,TE,8.7,8.82,8.9
2015,6,slot,QB,20.72,20.005,19.42
2015,6,slot,RB,9.2,10.055,11.1
2015,6,slot,WR,12.7,11.89,10.9
2015,6,slot,TE,11.3,11.06,10.9
2015,6,slot,FLEX,8.9,8.9,8.9
2015,6,slot,SF,16.04,14.85,13.66
2015,6,position,QB,16.04,14.731,13.66
2015,6,position,RB,9.2,9.155,9.1
2015,6,position,WR,9.3,9.255,9.2
2015,6,position,TE,8.9,8.9,8.9
2015,7,slot,QB,19.2,19.320999999999998,19.42
2015,7,slot,RB,12.3,11.760000000000002,11.1
2015,7,slot,WR,10.3,10.57,10.9
2015,7,slot,TE,9.0,10.14,10.9
2015,7,slot,FLEX,8.0,8.36,8.9
2015,7,slot,SF,9.74,11.7,13.66
2015,7,position,QB,9.74,11.896,13.66
2015,7,position,RB,8.0,8.495000000000001,9.1
2015,7,position,WR,8.0,8.54,9.2
2015,7,position,TE,8.0,8.54,8.9
2015,8,slot,QB,20.0,19.681,19.42
2015,8,slot,RB,9.7,10.33,11.1
2015,8,slot,WR,10.7,10.79,10.9
2015,8,slot,TE,11.8,11.260000000000002,10.9
2015,8,slot,FLEX,7.9,8.3,8.9
2015,8,slot,SF,11.58,12.620000000000001,13.66
2015,8,position,QB,11.58,12.724,13.66
2015,8,position,RB,7.9,8.440000000000001,9.1
2015,8,position,WR,8.0,8.54,9.2
2015,8,position,TE,8.7,8.82,8.9
2015,9,slot,QB,20.44,19.879,19.42
2015,9,slot,RB,11.6,11.375,11.1
2015,9,slot,WR,10.3,10.57,10.9
2015,9,slot,TE,9.9,10.5,10.9
2015,9,slot,FLEX,8.8,8.84,8.9
2015,9,slot,SF,14.6,14.129999999999999,13.66
2015,9,position,QB,14.6,14.083,13.66
2015,9,position,RB,9.1,9.1,9.1
2015,9,position,WR,8.8,8.98,9.2
2015,9,position,TE,8.8,8.86,8.9
2015,10,slot,QB,17.279999999999998,18.457,19.42
2015,10,slot,RB,11.0,11.045000000000002,11.1
2015,10,slot,WR,9.8,10.295000000000002,10.9
2015,10,slot,TE,11.7,11.219999999999999,10.9
2015,10,slot,FLEX,7.5,8.06,8.9
2015,10,slot,SF,12.36,13.01,13.66
2015,10,position,QB,12.36,13.075,13.66
2015,10,position,RB,8.2,8.605,9.1
2015,10,position,WR,7.5,8.265,9.2
2015,10,position,TE,7.6,8.379999999999999,8.9
2015,11,slot,QB,18.14,18.844,19.42
2015,11,slot,RB,11.1,11.100000000000001,11.1
2015,11,slot,WR,9.9,10.350000000000001,10.9
2015,11,slot,TE,11.3,11.06,10.9
2015,11,slot,FLEX,8.3,8.540000000000001,8.9
2015,11,slot,SF,13.08,13.370000000000001,13.66
2015,11,position,QB,13.08,13.399000000000001,13.66
2015,11,position,RB,8.5,8.77,9.1
2015,11,position,WR,8.600000000000001,8.870000000000001,9.2
2015,11,position,TE,8.3,8.66,8.9
2015,12,slot,QB,22.040000000000003,20.599000000000004,19.42
2015,12,slot,RB,10.3,10.66,11.1
2015,12,slot,WR,12.4,11.725000000000001,10.9
2015,12,slot,TE,13.5,11.940000000000001,10.9
2015,12,slot,FLEX,9.5,9.260000000000002,8.9
2015,12,slot,SF,14.5,14.08,13.66
2015,12,position,QB,14.5,14.038,13.66
2015,12,position,RB,9.5,9.32,9.1
2015,12,position,WR,9.6,9.42,9.2
2015,12,position,TE,9.5,9.14,8.9
2015,13,slot,QB,25.34,22.084,19.42
2015,13,slot,RB,11.9,11.540000000000001,11.1
2015,13,slot,WR,12.2,11.615,10.9
2015,13,slot,TE,8.5,9.940000000000001,10.9
2015,13,slot,FLEX,8.2,8.48,8.9
2015,13,slot,SF,13.32,13.49,13.66
2015,13,position,QB,13.32,13.507000000000001,13.66
2015,13,position,RB,8.4,8.715,9.1
2015,13,position,WR,8.2,8.649999999999999,9.2
2015,13,position,TE,8.4,8.7,8.9
2015,14,slot,QB,19.42,19.42,19.42
2015,14,slot,RB,11.1,11.100000000000001,11.1
2015,14,slot,WR,10.9,10.900000000000002,10.9
2015,14,slot,TE,10.9,10.9,10.9
2015,14,slot,FLEX,8.5,8.66,8.9
2015,14,slot,SF,13.66,13.66,13.66
2015,14,position,QB,13.66,13.66,13.66
2015,14,position,RB,8.9,8.99,9.1
2015,14,position,WR,8.5,8.815000000000001,9.2
2015,14,position,TE,9.7,9.219999999999999,8.9
2015,15,slot,QB,22.9,20.985999999999997,19.42
2015,15,slot,RB,11.0,11.045000000000002,11.1
2015,15,slot,WR,13.0,12.055,10.9
2015,15,slot,TE,10.9,10.9,10.9
2015,15,slot,FLEX,10.0,9.56,8.9
2015,15,slot,SF,15.04,14.35,13.66
2015,15,position,QB,15.04,14.280999999999999,13.66
2015,15,position,RB,10.0,9.594999999999999,9.1
2015,15,position,WR,10.0,9.64,9.2
2015,15,position,TE,10.0,9.34,8.9
2015,16,slot,QB,16.6,18.151,19.42
2015,16,slot,RB,14.2,12.805,11.1
2015,16,slot,WR,10.4,10.625,10.9
2015,16,slot,TE,10.4,10.7,10.9
2015,16,slot,FLEX,9.2,9.08,8.9
2015,16,slot,SF,13.96,13.81,13.66
2015,16,position,QB,13.96,13.795000000000002,13.66
2015,16,position,RB,9.2,9.155,9.1
2015,16,position,WR,9.3,9.255,9.2
2015,16,position,TE,9.5,9.14,8.9
2015,17,slot,QB,18.380000000000003,18.952,19.42
2015,17,slot,RB,10.9,10.990000000000002,11.1
2015,17,slot,WR,10.9,10.900000000000002,10.9
2015,17,slot,TE,11.7,11.219999999999999,10.9
2015,17,slot,FLEX,9.3,9.14,8.9
2015,17,slot,SF,12.08,12.870000000000001,13.66
2015,17,position,QB,12.08,12.949,13.66
2015,17,position,RB,10.0,9.594999999999999,9.1
2015,17,position,WR,9.3,9.255,9.2
2015,17,position,TE,10.6,9.58,8.9
2016,1,slot,QB,21.16,19.95,18.96
2016,1,slot,RB,13.3,12.580000000000002,11.7
2016,1,slot,WR,11.4,11.265,11.1
2016,1,slot,TE,9.5,9.92,10.2
2016,1,slot,FLEX,9.4,9.16,8.8
2016,1,slot,SF,14.62,13.649999999999999,12.68
2016,1,position,QB,14.62,13.552999999999999,12.68
2016,1,position,RB,9.7,9.385,9.0
2016,1,position,WR,9.4,9.22,9.0
2016,1,position,TE,9.5,9.32,9.2
2016,2,slot,QB,20.72,19.752,18.96
2016,2,slot,RB,9.5,10.49,11.7
2016,2,slot,WR,12.4,11.815000000000001,11.1
2016,2,slot,TE,10.6,10.36,10.2
2016,2,slot,FLEX,9.3,9.100000000000001,8.8
2016,2,slot,SF,15.5,14.09,12.68
2016,2,position,QB,15.5,13.949,12.68
2016,2,position,RB,9.3,9.165000000000001,9.0
2016,2,position,WR,9.6,9.33,9.0
2016,2,position,TE,9.5,9.32,9.2
2016,3,slot,QB,18.96,18.96,18.96
2016,3,slot,RB,12.7,12.25,11.7
2016,3,slot,WR,9.9,10.440000000000001,11.1
2016,3,slot,TE,9.4,9.879999999999999,10.2
2016,3,slot,FLEX,8.5,8.620000000000001,8.8
2016,3,slot,SF,11.86,12.27,12.68
2016,3,position,QB,11.86,12.311,12.68
2016,3,position,RB,8.6,8.780000000000001,9.0
2016,3,position,WR,8.5,8.725000000000001,9.0
2016,3,position,TE,8.9,9.08,9.2
2016,4,slot,QB,18.04,18.546,18.96
2016,4,slot,RB,11.7,11.7,11.7
2016,4,slot,WR,10.8,10.935000000000002,11.1
2016,4,slot,TE,10.6,10.36,10.2
2016,4,slot,FLEX,8.8,8.8,8.8
2016,4,slot,SF,12.54,12.61,12.68
2016,4,position,QB,12.54,12.616999999999999,12.68
2016,4,position,RB,8.8,8.89,9.0
2016,4,position,WR,9.0,9.0,9.0
2016,4,position,TE,9.2,9.2,9.2
2016,5,slot,QB,18.8,18.887999999999998,18.96
2016,5,slot,RB,10.9,11.260000000000002,11.7
2016,5,slot,WR,10.2,10.605,11.1
2016,5,slot,TE,10.1,10.16,10.2
2016,5,slot,FLEX,8.3,8.5,8.8
2016,5,slot,SF,12.760000000000002,12.72,12.68
2016,5,position,QB,12.760000000000002,12.716000000000001,12.68
2016,5,position,RB,8.4,8.670000000000002,9.0
2016,5,position,WR,8.3,8.615,9.0
2016,5,position,TE,8.5,8.92,9.2
2016,6,slot,QB,21.74,20.211,18.96
2016,6,slot,RB,11.3,11.48,11.7
2016,6,slot,WR,10.6,10.825,11.1
2016,6,slot,TE,11.9,10.879999999999999,10.2
2016,6,slot,FLEX,8.600000000000001,8.680000000000001,8.8
2016,6,slot,SF,12.28,12.48,12.68
2016,6,position,QB,12.28,12.5,12.68
2016,6,position,RB,8.7,8.835,9.0
2016,6,position,WR,8.600000000000001,8.780000000000001,9.0
2016,6,position,TE,9.0,9.12,9.2
2016,7,slot,QB,17.26,18.195,18.96
2016,7,slot,RB,14.2,13.075,11.7
2016,7,slot,WR,11.2,11.155000000000001,11.1
2016,7,slot,TE,7.800000000000001,9.24,10.2
2016,7,slot,FLEX,8.1,8.379999999999999,8.8
2016,7,slot,SF,12.4,12.54,12.68
2016,7,position,QB,12.4,12.553999999999998,12.68
2016,7,position,RB,8.1,8.504999999999999,9.0
2016,7,position,WR,8.600000000000001,8.780000000000001,9.0
2016,7,position,TE,7.800000000000001,8.64,9.2
2016,8,slot,QB,20.64,19.716,18.96
2016,8,slot,RB,13.2,12.524999999999999,11.7
2016,8,slot,WR,10.4,10.715,11.1
2016,8,slot,TE,11.3,10.64,10.2
2016,8,slot,FLEX,9.0,8.92,8.8
2016,8,slot,SF,13.12,12.899999999999999,12.68
2016,8,position,QB,13.12,12.878,12.68
2016,8,position,RB,9.6,9.33,9.0
2016,8,position,WR,9.0,9.0,9.0
2016,8,position,TE,9.7,9.399999999999999,9.2
2016,9,slot,QB,21.54,20.121,18.96
2016,9,slot,RB,8.7,10.05,11.7
2016,9,slot,WR,10.6,10.825,11.1
2016,9,slot,TE,12.5,11.12,10.2
2016,9,slot,FLEX,8.100000000000001,8.38,8.8
2016,9,slot,SF,13.22,12.95,12.68
2016,9,position,QB,13.22,12.923,12.68
2016,9,position,RB,8.2,8.559999999999999,9.0
2016,9,position,WR,8.100000000000001,8.505,9.0
2016,9,position,TE,8.3,8.84,9.2
2016,10,slot,QB,18.76,18.87,18.96
2016,10,slot,RB,9.6,10.545,11.7
2016,10,slot,WR,11.7,11.43,11.1
2016,10,slot,TE,9.3,9.84,10.2
2016,10,slot,FLEX,8.2,8.44,8.8
2016,10,slot,SF,12.68,12.68,12.68
2016,10,position,QB,12.68,12.68,12.68
2016,10,position,RB,8.2,8.559999999999999,9.0
2016,10,position,WR,8.3,8.615,9.0
2016,10,position,TE,8.2,8.799999999999999,9.2
2016,11,slot,QB,18.68,18.834,18.96
2016,11,slot,RB,12.3,12.030000000000001,11.7
2016,11,slot,WR,9.9,10.440000000000001,11.1
2016,11,slot,TE,10.3,10.239999999999998,10.2
2016,11,slot,FLEX,9.0,8.92,8.8
2016,11,slot,SF,12.38,12.530000000000001,12.68
2016,11,position,QB,12.38,12.545,12.68
2016,11,position,RB,9.0,9.0,9.0
2016,11,position,WR,9.3,9.165000000000001,9.0
2016,11,position,TE,9.2,9.2,9.2
2016,12,slot,QB,20.84,19.805999999999997,18.96
2016,12,slot,RB,10.6,11.094999999999999,11.7
2016,12,slot,WR,12.3,11.760000000000002,11.1
2016,12,slot,TE,10.4,10.28,10.2
2016,12,slot,FLEX,9.0,8.92,8.8
2016,12,slot,SF,17.400000000000002,15.040000000000001,12.68
2016,12,position,QB,17.400000000000002,14.804,12.68
2016,12,position,RB,9.1,9.055,9.0
2016,12,position,WR,9.0,9.0,9.0
2016,12,position,TE,9.3,9.24,9.2
2016,13,slot,QB,16.18,17.709,18.96
2016,13,slot,RB,10.3,10.93,11.7
2016,13,slot,WR,10.9,10.990000000000002,11.1
2016,13,slot,TE,9.5,9.92,10.2
2016,13,slot,FLEX,8.4,8.56,8.8
2016,13,slot,SF,12.48,12.58,12.68
2016,13,position,QB,12.48,12.59,12.68
2016,13,position,RB,9.4,9.22,9.0
2016,13,position,WR,8.4,8.670000000000002,9.0
2016,13,position,TE,9.5,9.32,9.2
2016,14,slot,QB,16.24,17.736,18.96
2016,14,slot,RB,12.0,11.865,11.7
2016,14,slot,WR,11.1,11.100000000000001,11.1
2016,14,slot,TE,8.600000000000001,9.56,10.2
2016,14,slot,FLEX,7.9,8.260000000000002,8.8
2016,14,slot,SF,11.26,11.969999999999999,12.68
2016,14,position,QB,11.26,12.041,12.68
2016,14,position,RB,7.9,8.395,9.0
2016,14,position,WR,8.0,8.45,9.0
2016,14,position,TE,7.9,8.68,9.2
2016,15,slot,QB,17.42,18.267000000000003,18.96
2016,15,slot,RB,11.8,11.755,11.7
2016,15,slot,WR,11.7,11.43,11.1
2016,15,slot,TE,11.0,10.52,10.2
2016,15,slot,FLEX,9.1,8.98,8.8
2016,15,slot,SF,11.02,11.85,12.68
2016,15,position,QB,11.02,11.933,12.68
2016,15,position,RB,9.1,9.055,9.0
2016,15,position,WR,9.3,9.165000000000001,9.0
2016,15,position,TE,9.2,9.2,9.2
2016,16,slot,QB,22.36,20.490000000000002,18.96
2016,16,slot,RB,13.3,12.580000000000002,11.7
2016,16,slot,WR,11.7,11.43,11.1
2016,16,slot,TE,9.8,10.04,10.2
2016,16,slot,FLEX,9.2,9.04,8.8
2016,16,slot,SF,14.48,13.58,12.68
2016,16,position,QB,14.48,13.489999999999998,12.68
2016,16,position,RB,9.2,9.11,9.0
2016,16,position,WR,10.0,9.55,9.0
2016,16,position,TE,9.8,9.44,9.2
2016,17,slot,QB,19.880000000000003,19.374000000000002,18.96
2016,17,slot,RB,11.5,11.59,11.7
2016,17,slot,WR,11.1,11.100000000000001,11.1
2016,17,slot,TE,10.2,10.2,10.2
2016,17,slot,FLEX,9.5,9.22,8.8
2016,17,slot,SF,13.44,13.059999999999999,12.68
2016,17,position,QB,13.44,13.021999999999998,12.68
2016,17,position,RB,9.7,9.385,9.0
2016,17,position,WR,9.5,9.275,9.0
2016,17,position,TE,10.0,9.52,9.2
2017,1,slot,QB,17.94,17.973,18.0
2017,1,slot,RB,10.0,10.629999999999999,11.4
2017,1,slot,WR,9.6,9.600000000000001,9.6
2017,1,slot,TE,8.100000000000001,9.0,9.6
2017,1,slot,FLEX,7.9,8.02,8.2
2017,1,slot,SF,10.6,11.530000000000001,12.46
2017,1,position,QB,10.6,11.623000000000001,12.46
2017,1,position,RB,8.3,8.3,8.3
2017,1,position,WR,7.9,8.125,8.4
2017,1,position,TE,8.100000000000001,8.34,8.5
2017,2,slot,QB,16.14,17.163,18.0
2017,2,slot,RB,11.4,11.4,11.4
2017,2,slot,WR,9.4,9.490000000000002,9.6
2017,2,slot,TE,11.5,10.36,9.6
2017,2,slot,FLEX,8.8,8.56,8.2
2017,2,slot,SF,12.46,12.46,12.46
2017,2,position,QB,12.46,12.46,12.46
2017,2,position,RB,8.8,8.575000000000001,8.3
2017,2,position,WR,8.8,8.620000000000001,8.4
2017,2,position,TE,10.0,9.1,8.5
2017,3,slot,QB,22.92,20.214,18.0
2017,3,slot,RB,11.7,11.565000000000001,11.4
2017,3,slot,WR,12.6,11.25,9.6
2017,3,slot,TE,11.3,10.280000000000001,9.6
2017,3,slot,FLEX,9.7,9.1,8.2
2017,3,slot,SF,15.52,13.99,12.46
2017,3,position,QB,15.52,13.837,12.46
2017,3,position,RB,9.8,9.125,8.3
2017,3,position,WR,9.7,9.115,8.4
2017,3,position,TE,10.7,9.379999999999999,8.5
2017,4,slot,QB,20.6,19.17,18.0
2017,4,slot,RB,13.2,12.39,11.4
2017,4,slot,WR,8.9,9.215,9.6
2017,4,slot,TE,9.3,9.48,9.6
2017,4,slot,FLEX,8.100000000000001,8.14,8.2
2017,4,slot,SF,11.26,11.86,12.46
2017,4,position,QB,11.26,11.92,12.46
2017,4,position,RB,8.100000000000001,8.190000000000001,8.3
2017,4,position,WR,8.2,8.29,8.4
2017,4,position,TE,8.6,8.54,8.5
2017,5,slot,QB,17.96,17.982,18.0
2017,5,slot,RB,10.7,11.015,11.4
2017,5,slot,WR,9.4,9.490000000000002,9.6
2017,5,slot,TE,11.9,10.52,9.6
2017,5,slot,FLEX,7.5,7.779999999999999,8.2
2017,5,slot,SF,11.52,11.99,12.46
2017,5,position,QB,11.52,12.036999999999999,12.46
2017,5,position,RB,7.6,7.915,8.3
2017,5,position,WR,7.5,7.905,8.4
2017,5,position,TE,7.9,8.26,8.5
2017,6,slot,QB,15.14,16.713,18.0
2017,6,slot,RB,12.2,11.84,11.4
2017,6,slot,WR,9.6,9.600000000000001,9.6
2017,6,slot,TE,9.6,9.6,9.6
2017,6,slot,FLEX,8.100000000000001,8.14,8.2
2017,6,slot,SF,11.88,12.170000000000002,12.46
2017,6,position,QB,11.88,12.199000000000002,12.46
2017,6,position,RB,8.3,8.3,8.3
2017,6,position,WR,8.100000000000001,8.235000000000001,8.4
2017,6,position,TE,8.3,8.42,8.5
2017,7,slot,QB,19.14,18.512999999999998,18.0
2017,7,slot,RB,9.3,10.245000000000001,11.4
2017,7,slot,WR,9.4,9.490000000000002,9.6
2017,7,slot,TE,10.0,9.76,9.6
2017,7,slot,FLEX,8.100000000000001,8.14,8.2
2017,7,slot,SF,11.52,11.99,12.46
2017,7,position,QB,11.52,12.036999999999999,12.46
2017,7,position,RB,8.100000000000001,8.190000000000001,8.3
2017,7,position,WR,8.8,8.620000000000001,8.4
2017,7,position,TE,8.7,8.58,8.5
2017,8,slot,QB,15.92,17.064,18.0
2017,8,slot,RB,11.2,11.29,11.4
2017,8,slot,WR,8.100000000000001,8.775000000000002,9.6
2017,8,slot,TE,8.4,9.120000000000001,9.6
2017,8,slot,FLEX,6.7,7.299999999999999,8.2
2017,8,slot,SF,10.48,11.47,12.46
2017,8,position,QB,10.48,11.568999999999999,12.46
2017,8,position,RB,6.7,7.420000000000001,8.3
2017,8,position,WR,7.7,8.015,8.4
2017,8,position,TE,6.800000000000001,7.82,8.5
2017,9,slot,QB,18.72,18.323999999999998,18.0
2017,9,slot,RB,10.2,10.74,11.4
2017,9,slot,WR,9.6,9.600000000000001,9.6
2017,9,slot,TE,8.9,9.32,9.6
2017,9,slot,FLEX,7.4,7.720000000000001,8.2
2017,9,slot,SF,13.7,13.08,12.46
2017,9,position,QB,13.7,13.018,12.46
2017,9,position,RB,7.4,7.805000000000001,8.3
2017,9,position,WR,7.4,7.8500000000000005,8.4
2017,9,position,TE,7.5,8.1,8.5
2017,10,slot,QB,17.939999999999998,17.973,18.0
2017,10,slot,RB,11.6,11.51,11.4
2017,10,slot,WR,10.8,10.260000000000002,9.6
2017,10,slot,TE,9.4,9.52,9.6
2017,10,slot,FLEX,8.2,8.2,8.2
2017,10,slot,SF,14.42,13.440000000000001,12.46
2017,10,position,QB,14.42,13.341999999999999,12.46
2017,10,position,RB,8.2,8.245000000000001,8.3
2017,10,position,WR,8.7,8.565000000000001,8.4
2017,10,position,TE,8.6,8.54,8.5
2017,11,slot,QB,18.26,18.117,18.0
2017,11,slot,RB,12.3,11.895,11.4
2017,11,slot,WR,10.3,9.985000000000001,9.6
2017,11,slot,TE,9.6,9.6,9.6
2017,11,slot,FLEX,8.2,8.2,8.2
2017,11,slot,SF,13.48,12.97,12.46
2017,11,position,QB,13.48,12.919,12.46
2017,11,position,RB,8.5,8.41,8.3
2017,11,position,WR,8.8,8.620000000000001,8.4
2017,11,position,TE,8.2,8.379999999999999,8.5
2017,12,slot,QB,20.62,19.179000000000002,18.0
2017,12,slot,RB,10.7,11.015,11.4
2017,12,slot,WR,10.0,9.82,9.6
2017,12,slot,TE,8.9,9.32,9.6
2017,12,slot,FLEX,8.4,8.32,8.2
2017,12,slot,SF,14.02,13.24,12.46
2017,12,position,QB,14.02,13.161999999999999,12.46
2017,12,position,RB,8.5,8.41,8.3
2017,12,position,WR,8.4,8.400000000000002,8.4
2017,12,position,TE,8.9,8.66,8.5
2017,13,slot,QB,18.0,18.0,18.0
2017,13,slot,RB,12.4,11.950000000000001,11.4
2017,13,slot,WR,9.2,9.379999999999999,9.6
2017,13,slot,TE,10.1,9.8,9.6
2017,13,slot,FLEX,8.7,8.5,8.2
2017,13,slot,SF,13.2,12.83,12.46
2017,13,position,QB,13.2,12.793,12.46
2017,13,position,RB,8.7,8.52,8.3
2017,13,position,WR,8.7,8.565000000000001,8.4
2017,13,position,TE,9.5,8.9,8.5
2017,14,slot,QB,18.52,18.234,18.0
2017,14,slot,RB,13.8,12.72,11.4
2017,14,slot,WR,10.6,10.15,9.6
2017,14,slot,TE,10.9,10.120000000000001,9.6
2017,14,slot,FLEX,9.0,8.68,8.2
2017,14,slot,SF,13.3,12.88,12.46
2017,14,position,QB,13.3,12.838000000000001,12.46
2017,14,position,RB,9.2,8.795,8.3
2017,14,position,WR,9.0,8.73,8.4
2017,14,position,TE,9.6,8.94,8.5
2017,15,slot,QB,19.44,18.648,18.0
2017,15,slot,RB,11.3,11.345,11.4
2017,15,slot,WR,10.3,9.985000000000001,9.6
2017,15,slot,TE,10.2,9.84,9.6
2017,15,slot,FLEX,8.3,8.26,8.2
2017,15,slot,SF,15.38,13.920000000000002,12.46
2017,15,position,QB,15.38,13.774000000000001,12.46
2017,15,position,RB,8.5,8.41,8.3
2017,15,position,WR,8.3,8.345,8.4
2017,15,position,TE,8.5,8.5,8.5
2017,16,slot,QB,15.6,16.92,18.0
2017,16,slot,RB,13.2,12.39,11.4
2017,16,slot,WR,9.4,9.490000000000002,9.6
2017,16,slot,TE,7.6,8.8,9.6
2017,16,slot,FLEX,7.2,7.6,8.2
2017,16,slot,SF,11.4,11.93,12.46
2017,16,position,QB,11.4,11.983,12.46
2017,16,position,RB,7.5,7.86,8.3
2017,16,position,WR,7.5,7.905,8.4
2017,16,position,TE,7.2,7.98,8.5
2017,17,slot,QB,15.6,16.92,18.0
2017,17,slot,RB,10.9,11.125,11.4
2017,17,slot,WR,10.0,9.82,9.6
2017,17,slot,TE,6.6000000000000005,8.4,9.6
2017,17,slot,FLEX,8.200000000000001,8.200000000000001,8.2
2017,17,slot,SF,10.36,11.41,12.46
2017,17,position,QB,10.36,11.515,12.46
2017,17,position,RB,8.200000000000001,8.245000000000001,8.3
2017,17,position,WR,8.4,8.400000000000002,8.4
2017,17,position,TE,6.6000000000000005,7.74,8.5
2018,1,slot,QB,20.36,20.525,20.66
2018,1,slot,RB,12.4,12.400000000000002,12.4
2018,1,slot,WR,12.3,11.625,10.8
2018,1,slot,TE,7.300000000000001,8.860000000000001,9.9
2018,1,slot,FLEX,9.6,9.4,9.1
2018,1,slot,SF,13.239999999999998,13.48,13.72
2018,1,position,QB,13.239999999999998,13.504,13.72
2018,1,position,RB,9.6,9.465,9.3
2018,1,position,WR,9.7,9.52,9.3
2018,1,position,TE,7.300000000000001,8.38,9.1
2018,2,slot,QB,22.8,21.623,20.66
2018,2,slot,RB,11.3,11.795000000000002,12.4
2018,2,slot,WR,13.4,12.23,10.8
2018,2,slot,TE,10.2,10.02,9.9
2018,2,slot,FLEX,9.7,9.459999999999999,9.1
2018,2,slot,SF,15.52,14.620000000000001,13.72
2018,2,position,QB,15.52,14.530000000000001,13.72
2018,2,position,RB,9.9,9.63,9.3
2018,2,position,WR,9.7,9.52,9.3
2018,2,position,TE,9.8,9.38,9.1
2018,3,slot,QB,24.02,22.172,20.66
2018,3,slot,RB,13.2,12.84,12.4
2018,3,slot,WR,12.5,11.735000000000001,10.8
2018,3,slot,TE,10.0,9.940000000000001,9.9
2018,3,slot,FLEX,9.6,9.4,9.1
2018,3,slot,SF,13.86,13.79,13.72
2018,3,position,QB,13.86,13.783000000000001,13.72
2018,3,position,RB,9.8,9.575000000000001,9.3
2018,3,position,WR,9.9,9.63,9.3
2018,3,position,TE,9.6,9.3,9.1
2018,4,slot,QB,24.32,22.307000000000002,20.66
2018,4,slot,RB,14.0,13.280000000000001,12.4
2018,4,slot,WR,12.9,11.955000000000002,10.8
2018,4,slot,TE,11.4,10.5,9.9
2018,4,slot,FLEX,9.6,9.4,9.1
2018,4,slot,SF,14.86,14.29,13.72
2018,4,position,QB,14.86,14.233,13.72
2018,4,position,RB,9.6,9.465,9.3
2018,4,position,WR,9.7,9.52,9.3
2018,4,position,TE,9.7,9.34,9.1
2018,5,slot,QB,20.66,20.66,20.66
2018,5,slot,RB,12.6,12.510000000000002,12.4
2018,5,slot,WR,10.6,10.690000000000001,10.8
2018,5,slot,TE,9.9,9.9,9.9
2018,5,slot,FLEX,8.8,8.92,9.1
2018,5,slot,SF,14.34,14.030000000000001,13.72
2018,5,position,QB,14.34,13.999,13.72
2018,5,position,RB,8.8,9.025000000000002,9.3
2018,5,position,WR,8.8,9.025000000000002,9.3
2018,5,position,TE,9.4,9.22,9.1
2018,6,slot,QB,22.74,21.596,20.66
2018,6,slot,RB,10.6,11.41,12.4
2018,6,slot,WR,12.1,11.515,10.8
2018,6,slot,TE,11.2,10.42,9.9
2018,6,slot,FLEX,9.5,9.34,9.1
2018,6,slot,SF,14.28,14.0,13.72
2018,6,position,QB,14.28,13.972000000000001,13.72
2018,6,position,RB,9.6,9.465,9.3
2018,6,position,WR,9.5,9.41,9.3
2018,6,position,TE,10.3,9.58,9.1
2018,7,slot,QB,20.1,20.408,20.66
2018,7,slot,RB,11.3,11.795000000000002,12.4
2018,7,slot,WR,9.9,10.305,10.8
2018,7,slot,TE,9.2,9.620000000000001,9.9
2018,7,slot,FLEX,9.0,9.04,9.1
2018,7,slot,SF,12.72,13.22,13.72
2018,7,position,QB,12.72,13.27,13.72
2018,7,position,RB,9.3,9.3,9.3
2018,7,position,WR,9.0,9.135000000000002,9.3
2018,7,position,TE,9.2,9.14,9.1
2018,8,slot,QB,20.66,20.66,20.66
2018,8,slot,RB,13.6,13.06,12.4
2018,8,slot,WR,11.0,10.91,10.8
2018,8,slot,TE,10.6,10.18,9.9
2018,8,slot,FLEX,9.1,9.1,9.1
2018,8,slot,SF,13.760000000000002,13.740000000000002,13.72
2018,8,position,QB,13.760000000000002,13.738000000000001,13.72
2018,8,position,RB,9.3,9.3,9.3
2018,8,position,WR,9.3,9.3,9.3
2018,8,position,TE,9.1,9.1,9.1
2018,9,slot,QB,20.32,20.506999999999998,20.66
2018,9,slot,RB,10.4,11.3,12.4
2018,9,slot,WR,8.9,9.755,10.8
2018,9,slot,TE,9.8,9.860000000000001,9.9
2018,9,slot,FLEX,7.4,8.08,9.1
2018,9,slot,SF,8.24,10.98,13.72
2018,9,position,QB,8.24,11.254000000000001,13.72
2018,9,position,RB,7.4,8.255,9.3
2018,9,position,WR,7.5,8.31,9.3
2018,9,position,TE,7.5,8.46,9.1
2018,10,slot,QB,21.1,20.858,20.66
2018,10,slot,RB,12.2,12.29,12.4
2018,10,slot,WR,9.2,9.92,10.8
2018,10,slot,TE,8.0,9.14,9.9
2018,10,slot,FLEX,7.6,8.2,9.1
2018,10,slot,SF,13.740000000000002,13.73,13.72
2018,10,position,QB,13.740000000000002,13.729000000000003,13.72
2018,10,position,RB,7.8,8.475000000000001,9.3
2018,10,position,WR,8.0,8.585,9.3
2018,10,position,TE,7.6,8.5,9.1
2018,11,slot,QB,18.1,19.508000000000003,20.66
2018,11,slot,RB,12.3,12.345,12.4
2018,11,slot,WR,9.9,10.305,10.8
2018,11,slot,TE,8.0,9.14,9.9
2018,11,slot,FLEX,7.6,8.2,9.1
2018,11,slot,SF,13.4,13.56,13.72
2018,11,position,QB,13.4,13.576,13.72
2018,11,position,RB,7.8,8.475000000000001,9.3
2018,11,position,WR,7.7,8.420000000000002,9.3
2018,11,position,TE,7.6,8.5,9.1
2018,12,slot,QB,21.96,21.245,20.66
2018,12,slot,RB,13.3,12.895000000000001,12.4
2018,12,slot,WR,11.1,10.965,10.8
2018,12,slot,TE,10.2,10.02,9.9
2018,12,slot,FLEX,9.6,9.4,9.1
2018,12,slot,SF,15.579999999999998,14.649999999999999,13.72
2018,12,position,QB,15.579999999999998,14.556999999999999,13.72
2018,12,position,RB,9.8,9.575000000000001,9.3
2018,12,position,WR,9.6,9.465,9.3
2018,12,position,TE,9.6,9.3,9.1
2018,13,slot,QB,17.240000000000002,19.121000000000002,20.66
2018,13,slot,RB,12.0,12.18,12.4
2018,13,slot,WR,10.1,10.415000000000001,10.8
2018,13,slot,TE,9.0,9.540000000000001,9.9
2018,13,slot,FLEX,8.5,8.74,9.1
2018,13,slot,SF,10.94,12.33,13.72
2018,13,position,QB,10.94,12.469000000000001,13.72
2018,13,position,RB,8.5,8.860000000000001,9.3
2018,13,position,WR,8.6,8.915000000000001,9.3
2018,13,position,TE,9.0,9.06,9.1
2018,14,slot,QB,19.28,20.039,20.66
2018,14,slot,RB,12.7,12.565000000000001,12.4
2018,14,slot,WR,10.1,10.415000000000001,10.8
2018,14,slot,TE,9.9,9.9,9.9
2018,14,slot,FLEX,8.9,8.98,9.1
2018,14,slot,SF,13.72,13.72,13.72
2018,14,position,QB,13.72,13.72,13.72
2018,14,position,RB,9.2,9.245000000000001,9.3
2018,14,position,WR,8.9,9.080000000000002,9.3
2018,14,position,TE,9.1,9.1,9.1
2018,15,slot,QB,15.3,18.248,20.66
2018,15,slot,RB,14.0,13.280000000000001,12.4
2018,15,slot,WR,9.0,9.81,10.8
2018,15,slot,TE,7.0,8.74,9.9
2018,15,slot,FLEX,8.0,8.44,9.1
2018,15,slot,SF,10.66,12.190000000000001,13.72
2018,15,position,QB,10.66,12.343,13.72
2018,15,position,RB,8.100000000000001,8.64,9.3
2018,15,position,WR,8.0,8.585,9.3
2018,15,position,TE,7.0,8.26,9.1
2018,16,slot,QB,21.58,21.073999999999998,20.66
2018,16,slot,RB,13.1,12.785,12.4
2018,16,slot,WR,10.8,10.8,10.8
2018,16,slot,TE,9.9,9.9,9.9
2018,16,slot,FLEX,9.6,9.4,9.1
2018,16,slot,SF,12.260000000000002,12.990000000000002,13.72
2018,16,position,QB,12.260000000000002,13.063000000000002,13.72
2018,16,position,RB,9.6,9.465,9.3
2018,16,position,WR,9.7,9.52,9.3
2018,16,position,TE,9.9,9.42,9.1
2018,17,slot,QB,21.96,21.245,20.66
2018,17,slot,RB,11.2,11.74,12.4
2018,17,slot,WR,11.7,11.295000000000002,10.8
2018,17,slot,TE,7.9,9.100000000000001,9.9
2018,17,slot,FLEX,9.3,9.22,9.1
2018,17,slot,SF,9.98,11.850000000000001,13.72
2018,17,position,QB,9.98,12.037,13.72
2018,17,position,RB,9.5,9.41,9.3
2018,17,position,WR,9.3,9.3,9.3
2018,17,position,TE,7.9,8.620000000000001,9.1
2019,1,slot,QB,23.92,21.599,19.7
2019,1,slot,RB,11.0,11.540000000000001,12.2
2019,1,slot,WR,12.6,11.34,9.8
2019,1,slot,TE,10.5,10.38,10.3
2019,1,slot,FLEX,10.0,9.48,8.7
2019,1,slot,SF,14.82,13.719999999999999,12.62
2019,1,position,QB,14.82,13.61,12.62
2019,1,position,RB,10.0,9.504999999999999,8.9
2019,1,position,WR,10.3,9.625000000000002,8.8
2019,1,position,TE,10.0,9.58,9.3
2019,2,slot,QB,18.64,19.223,19.7
2019,2,slot,RB,12.0,12.09,12.2
2019,2,slot,WR,12.4,11.23,9.8
2019,2,slot,TE,8.4,9.540000000000001,10.3
2019,2,slot,FLEX,9.3,9.06,8.7
2019,2,slot,SF,13.36,12.989999999999998,12.62
2019,2,position,QB,13.36,12.953,12.62
2019,2,position,RB,9.9,9.45,8.9
2019,2,position,WR,9.3,9.075000000000001,8.8
2019,2,position,TE,8.4,8.940000000000001,9.3
2019,3,slot,QB,21.28,20.411,19.7
2019,3,slot,RB,12.2,12.2,12.2
2019,3,slot,WR,11.6,10.79,9.8
2019,3,slot,TE,9.9,10.14,10.3
2019,3,slot,FLEX,9.7,9.299999999999999,8.7
2019,3,slot,SF,15.68,14.149999999999999,12.62
2019,3,position,QB,15.68,13.997,12.62
2019,3,position,RB,9.7,9.34,8.9
2019,3,position,WR,9.7,9.295,8.8
2019,3,position,TE,9.9,9.540000000000001,9.3
2019,4,slot,QB,19.7,19.7,19.7
2019,4,slot,RB,12.4,12.310000000000002,12.2
2019,4,slot,WR,9.2,9.469999999999999,9.8
2019,4,slot,TE,10.5,10.38,10.3
2019,4,slot,FLEX,8.6,8.639999999999999,8.7
2019,4,slot,SF,12.2,12.41,12.62
2019,4,position,QB,12.2,12.431,12.62
2019,4,position,RB,8.8,8.845,8.9
2019,4,position,WR,9.1,8.965,8.8
2019,4,position,TE,8.6,9.02,9.3
2019,5,slot,QB,18.98,19.375999999999998,19.7
2019,5,slot,RB,13.8,13.080000000000002,12.2
2019,5,slot,WR,9.5,9.635000000000002,9.8
2019,5,slot,TE,7.7,9.260000000000002,10.3
2019,5,slot,FLEX,7.9,8.22,8.7
2019,5,slot,SF,10.94,11.78,12.62
2019,5,position,QB,10.94,11.863999999999999,12.62
2019,5,position,RB,7.9,8.350000000000001,8.9
2019,5,position,WR,8.2,8.47,8.8
2019,5,position,TE,7.7,8.66,9.3
2019,6,slot,QB,19.46,19.592,19.7
2019,6,slot,RB,12.3,12.255,12.2
2019,6,slot,WR,8.4,9.030000000000001,9.8
2019,6,slot,TE,9.9,10.14,10.3
2019,6,slot,FLEX,7.2,7.800000000000001,8.7
2019,6,slot,SF,12.1,12.36,12.62
2019,6,position,QB,12.1,12.386,12.62
2019,6,position,RB,8.3,8.57,8.9
2019,6,position,WR,7.4,8.030000000000001,8.8
2019,6,position,TE,7.2,8.46,9.3
2019,7,slot,QB,20.58,20.095999999999997,19.7
2019,7,slot,RB,7.9,9.835,12.2
2019,7,slot,WR,9.2,9.469999999999999,9.8
2019,7,slot,TE,10.3,10.3,10.3
2019,7,slot,FLEX,7.4,7.92,8.7
2019,7,slot,SF,10.42,11.52,12.62
2019,7,position,QB,10.42,11.629999999999999,12.62
2019,7,position,RB,7.4,8.075,8.9
2019,7,position,WR,7.5,8.085,8.8
2019,7,position,TE,7.4,8.540000000000001,9.3
2019,8,slot,QB,19.42,19.574,19.7
2019,8,slot,RB,11.3,11.705000000000002,12.2
2019,8,slot,WR,9.8,9.8,9.8
2019,8,slot,TE,10.3,10.3,10.3
2019,8,slot,FLEX,8.7,8.7,8.7
2019,8,slot,SF,12.62,12.62,12.62
2019,8,position,QB,12.62,12.62,12.62
2019,8,position,RB,8.9,8.9,8.9
2019,8,position,WR,8.7,8.745000000000001,8.8
2019,8,position,TE,9.7,9.46,9.3
2019,9,slot,QB,20.2,19.924999999999997,19.7
2019,9,slot,RB,13.5,12.915000000000001,12.2
2019,9,slot,WR,9.8,9.8,9.8
2019,9,slot,TE,9.8,10.100000000000001,10.3
2019,9,slot,FLEX,8.7,8.7,8.7
2019,9,slot,SF,13.4,13.01,12.62
2019,9,position,QB,13.4,12.971,12.62
2019,9,position,RB,8.7,8.79,8.9
2019,9,position,WR,8.8,8.8,8.8
2019,9,position,TE,9.7,9.46,9.3
2019,10,slot,QB,18.94,19.358,19.7
2019,10,slot,RB,9.2,10.55,12.2
2019,10,slot,WR,9.4,9.580000000000002,9.8
2019,10,slot,TE,10.8,10.5,10.3
2019,10,slot,FLEX,7.300000000000001,7.859999999999999,8.7
2019,10,slot,SF,11.48,12.05,12.62
2019,10,position,QB,11.48,12.107,12.62
2019,10,position,RB,7.300000000000001,8.02,8.9
2019,10,position,WR,7.6,8.14,8.8
2019,10,position,TE,7.5,8.58,9.3
2019,11,slot,QB,21.12,20.339,19.7
2019,11,slot,RB,11.5,11.815000000000001,12.2
2019,11,slot,WR,9.1,9.415,9.8
2019,11,slot,TE,10.3,10.3,10.3
2019,11,slot,FLEX,8.4,8.52,8.7
2019,11,slot,SF,12.260000000000002,12.440000000000001,12.62
2019,11,position,QB,12.260000000000002,12.458,12.62
2019,11,position,RB,8.5,8.68,8.9
2019,11,position,WR,8.4,8.580000000000002,8.8
2019,11,position,TE,8.5,8.98,9.3
2019,12,slot,QB,18.92,19.349,19.7
2019,12,slot,RB,9.2,10.55,12.2
2019,12,slot,WR,9.7,9.745000000000001,9.8
2019,12,slot,TE,6.4,8.740000000000002,10.3
2019,12,slot,FLEX,7.0,7.68,8.7
2019,12,slot,SF,9.46,11.04,12.62
2019,12,position,QB,9.46,11.198,12.62
2019,12,position,RB,7.0,7.855,8.9
2019,12,position,WR,7.0,7.8100000000000005,8.8
2019,12,position,TE,6.4,8.14,9.3
2019,13,slot,QB,22.700000000000003,21.05,19.7
2019,13,slot,RB,13.6,12.97,12.2
2019,13,slot,WR,11.5,10.735,9.8
2019,13,slot,TE,11.5,10.780000000000001,10.3
2019,13,slot,FLEX,8.8,8.76,8.7
2019,13,slot,SF,13.32,12.969999999999999,12.62
2019,13,position,QB,13.32,12.934999999999999,12.62
2019,13,position,RB,9.3,9.120000000000001,8.9
2019,13,position,WR,8.8,8.8,8.8
2019,13,position,TE,9.3,9.3,9.3
2019,14,slot,QB,21.32,20.429000000000002,19.7
2019,14,slot,RB,12.2,12.2,12.2
2019,14,slot,WR,12.2,11.120000000000001,9.8
2019,14,slot,TE,11.0,10.580000000000002,10.3
2019,14,slot,FLEX,9.8,9.36,8.7
2019,14,slot,SF,13.92,13.27,12.62
2019,14,position,QB,13.92,13.204999999999998,12.62
2019,14,position,RB,9.8,9.395,8.9
2019,14,position,WR,9.8,9.350000000000001,8.8
2019,14,position,TE,10.4,9.74,9.3
2019,15,slot,QB,19.04,19.403,19.7
2019,15,slot,RB,12.4,12.310000000000002,12.2
2019,15,slot,WR,12.4,11.23,9.8
2019,15,slot,TE,11.3,10.700000000000001,10.3
2019,15,slot,FLEX,9.8,9.36,8.7
2019,15,slot,SF,15.82,14.219999999999999,12.62
2019,15,position,QB,15.82,14.059999999999999,12.62
2019,15,position,RB,9.8,9.395,8.9
2019,15,position,WR,9.9,9.405000000000001,8.8
2019,15,position,TE,10.7,9.86,9.3
2019,16,slot,QB,20.12,19.889000000000003,19.7
2019,16,slot,RB,12.5,12.365000000000002,12.2
2019,16,slot,WR,11.9,10.955000000000002,9.8
2019,16,slot,TE,13.8,11.700000000000001,10.3
2019,16,slot,FLEX,9.4,9.12,8.7
2019,16,slot,SF,12.68,12.649999999999999,12.62
2019,16,position,QB,12.68,12.646999999999998,12.62
2019,16,position,RB,9.4,9.175,8.9
2019,16,position,WR,9.6,9.24,8.8
2019,16,position,TE,9.8,9.5,9.3
2019,17,slot,QB,17.92,18.899,19.7
2019,17,slot,RB,13.4,12.860000000000001,12.2
2019,17,slot,WR,10.3,10.075000000000001,9.8
2019,17,slot,TE,11.4,10.740000000000002,10.3
2019,17,slot,FLEX,9.0,8.879999999999999,8.7
2019,17,slot,SF,12.38,12.5,12.62
2019,17,position,QB,12.38,12.512,12.62
2019,17,position,RB,9.4,9.175,8.9
2019,17,position,WR,9.0,8.91,8.8
2019,17,position,TE,10.1,9.620000000000001,9.3
2020,1,slot,QB,21.76,21.727000000000004,21.700000000000003
2020,1,slot,RB,12.0,12.045000000000002,12.1
2020,1,slot,WR,10.6,10.825,11.1
2020,1,slot,TE,10.9,10.719999999999999,10.6
2020,1,slot,FLEX,9.5,9.260000000000002,8.9
2020,1,slot,SF,16.32,15.76,15.2
2020,1,position,QB,16.32,15.703999999999999,15.2
2020,1,position,RB,9.5,9.41,9.3
2020,1,position,WR,9.8,9.485,9.1
2020,1,position,TE,9.8,9.32,9.0
2020,2,slot,QB,24.32,22.879,21.700000000000003
2020,2,slot,RB,13.7,12.98,12.1
2020,2,slot,WR,11.1,11.100000000000001,11.1
2020,2,slot,TE,13.6,11.8,10.6
2020,2,slot,FLEX,10.2,9.68,8.9
2020,2,slot,SF,15.259999999999998,15.229999999999999,15.2
2020,2,position,QB,15.259999999999998,15.226999999999997,15.2
2020,2,position,RB,10.2,9.795000000000002,9.3
2020,2,position,WR,10.2,9.705,9.1
2020,2,position,TE,11.1,9.84,9.0
2020,3,slot,QB,21.700000000000003,21.700000000000003,21.700000000000003
2020,3,slot,RB,13.4,12.815000000000001,12.1
2020,3,slot,WR,13.1,12.2,11.1
2020,3,slot,TE,8.600000000000001,9.8,10.6
2020,3,slot,FLEX,9.0,8.96,8.9
2020,3,slot,SF,14.700000000000005,14.950000000000003,15.2
2020,3,position,QB,14.700000000000005,14.975000000000001,15.2
2020,3,position,RB,9.0,9.135000000000002,9.3
2020,3,position,WR,9.1,9.1,9.1
2020,3,position,TE,8.600000000000001,8.84,9.0
2020,4,slot,QB,22.340000000000003,21.988000000000003,21.700000000000003
2020,4,slot,RB,12.5,12.32,12.1
2020,4,slot,WR,12.3,11.760000000000002,11.1
2020,4,slot,TE,8.8,9.879999999999999,10.6
2020,4,slot,FLEX,9.4,9.2,8.9
2020,4,slot,SF,15.2,15.2,15.2
2020,4,position,QB,15.2,15.2,15.2
2020,4,position,RB,9.4,9.355,9.3
2020,4,position,WR,10.2,9.705,9.1
2020,4,position,TE,8.8,8.92,9.0
2020,5,slot,QB,21.360000000000003,21.547000000000004,21.700000000000003
2020,5,slot,RB,13.8,13.035,12.1
2020,5,slot,WR,10.6,10.825,11.1
2020,5,slot,TE,10.3,10.48,10.6
2020,5,slot,FLEX,8.7,8.780000000000001,8.9
2020,5,slot,SF,13.5,14.35,15.2
2020,5,position,QB,13.5,14.434999999999999,15.2
2020,5,position,RB,9.5,9.41,9.3
2020,5,position,WR,8.7,8.879999999999999,9.1
2020,5,position,TE,9.0,9.0,9.0
2020,6,slot,QB,20.6,21.205000000000002,21.700000000000003
2020,6,slot,RB,10.3,11.110000000000001,12.1
2020,6,slot,WR,9.9,10.440000000000001,11.1
2020,6,slot,TE,10.8,10.68,10.6
2020,6,slot,FLEX,8.2,8.48,8.9
2020,6,slot,SF,13.88,14.54,15.2
2020,6,position,QB,13.88,14.605999999999998,15.2
2020,6,position,RB,8.6,8.915000000000001,9.3
2020,6,position,WR,8.2,8.605,9.1
2020,6,position,TE,8.4,8.76,9.0
2020,7,slot,QB,23.68,22.591,21.700000000000003
2020,7,slot,RB,11.7,11.88,12.1
2020,7,slot,WR,12.6,11.925,11.1
2020,7,slot,TE,9.5,10.16,10.6
2020,7,slot,FLEX,8.9,8.9,8.9
2020,7,slot,SF,16.380000000000003,15.790000000000001,15.2
2020,7,position,QB,16.380000000000003,15.731,15.2
2020,7,position,RB,9.4,9.355,9.3
2020,7,position,WR,8.9,8.99,9.1
2020,7,position,TE,9.0,9.0,9.0
2020,8,slot,QB,18.86,20.422,21.700000000000003
2020,8,slot,RB,11.8,11.935000000000002,12.1
2020,8,slot,WR,10.82,10.946000000000002,11.1
2020,8,slot,TE,8.6,9.799999999999999,10.6
2020,8,slot,FLEX,8.3,8.540000000000001,8.9
2020,8,slot,SF,12.46,13.83,15.2
2020,8,position,QB,12.46,13.966999999999999,15.2
2020,8,position,RB,8.3,8.75,9.3
2020,8,position,WR,8.8,8.935,9.1
2020,8,position,TE,8.3,8.719999999999999,9.0
2020,9,slot,QB,23.44,22.483000000000004,21.700000000000003
2020,9,slot,RB,10.4,11.165000000000001,12.1
2020,9,slot,WR,11.8,11.485000000000001,11.1
2020,9,slot,TE,9.7,10.239999999999998,10.6
2020,9,slot,FLEX,8.7,8.780000000000001,8.9
2020,9,slot,SF,14.62,14.91,15.2
2020,9,position,QB,14.62,14.938999999999998,15.2
2020,9,position,RB,9.2,9.245000000000001,9.3
2020,9,position,WR,8.7,8.879999999999999,9.1
2020,9,position,TE,9.7,9.28,9.0
2020,10,slot,QB,19.04,20.503,21.700000000000003
2020,10,slot,RB,12.1,12.100000000000001,12.1
2020,10,slot,WR,9.2,10.055,11.1
2020,10,slot,TE,7.9,9.52,10.6
2020,10,slot,FLEX,7.2,7.880000000000001,8.9
2020,10,slot,SF,10.18,12.69,15.2
2020,10,position,QB,10.18,12.940999999999999,15.2
2020,10,position,RB,7.800000000000001,8.475000000000001,9.3
2020,10,position,WR,7.3,8.11,9.1
2020,10,position,TE,7.2,8.28,9.0
2020,11,slot,QB,20.26,21.052,21.700000000000003
2020,11,slot,RB,11.3,11.66,12.1
2020,11,slot,WR,11.1,11.100000000000001,11.1
2020,11,slot,TE,10.8,10.68,10.6
2020,11,slot,FLEX,8.8,8.84,8.9
2020,11,slot,SF,11.1,13.149999999999999,15.2
2020,11,position,QB,11.1,13.354999999999999,15.2
2020,11,position,RB,9.1,9.190000000000001,9.3
2020,11,position,WR,8.8,8.935,9.1
2020,11,position,TE,8.8,8.92,9.0
2020,12,slot,QB,18.42,20.224000000000004,21.700000000000003
2020,12,slot,RB,10.1,11.0,12.1
2020,12,slot,WR,10.3,10.66,11.1
2020,12,slot,TE,11.4,10.92,10.6
2020,12,slot,FLEX,8.3,8.540000000000001,8.9
2020,12,slot,SF,12.3,13.75,15.2
2020,12,position,QB,12.3,13.895,15.2
2020,12,position,RB,9.3,9.3,9.3
2020,12,position,WR,8.3,8.66,9.1
2020,12,position,TE,8.3,8.719999999999999,9.0
2020,13,slot,QB,21.4,21.565,21.700000000000003
2020,13,slot,RB,12.8,12.485000000000001,12.1
2020,13,slot,WR,13.2,12.254999999999999,11.1
2020,13,slot,TE,10.7,10.64,10.6
2020,13,slot,FLEX,10.3,9.740000000000002,8.9
2020,13,slot,SF,15.84,15.52,15.2
2020,13,position,QB,15.84,15.488,15.2
2020,13,position,RB,10.4,9.905000000000001,9.3
2020,13,position,WR,10.5,9.870000000000001,9.1
2020,13,position,TE,10.3,9.52,9.0
2020,14,slot,QB,19.28,20.611000000000004,21.700000000000003
2020,14,slot,RB,10.6,11.275,12.1
2020,14,slot,WR,11.1,11.100000000000001,11.1
2020,14,slot,TE,10.9,10.719999999999999,10.6
2020,14,slot,FLEX,8.9,8.9,8.9
2020,14,slot,SF,15.3,15.25,15.2
2020,14,position,QB,15.3,15.245,15.2
2020,14,position,RB,8.9,9.080000000000002,9.3
2020,14,position,WR,9.1,9.1,9.1
2020,14,position,TE,9.3,9.120000000000001,9.0
2020,15,slot,QB,23.42,22.474000000000004,21.700000000000003
2020,15,slot,RB,14.1,13.200000000000001,12.1
2020,15,slot,WR,11.5,11.32,11.1
2020,15,slot,TE,10.6,10.6,10.6
2020,15,slot,FLEX,9.4,9.2,8.9
2020,15,slot,SF,16.92,16.060000000000002,15.2
2020,15,position,QB,16.92,15.974,15.2
2020,15,position,RB,9.5,9.41,9.3
2020,15,position,WR,9.4,9.265,9.1
2020,15,position,TE,10.1,9.44,9.0
2020,16,slot,QB,23.14,22.348,21.700000000000003
2020,16,slot,RB,12.7,12.43,12.1
2020,16,slot,WR,10.6,10.825,11.1
2020,16,slot,TE,10.6,10.6,10.6
2020,16,slot,FLEX,9.3,9.14,8.9
2020,16,slot,SF,15.38,15.29,15.2
2020,16,position,QB,15.38,15.280999999999999,15.2
2020,16,position,RB,9.3,9.3,9.3
2020,16,position,WR,9.9,9.54,9.1
2020,16,position,TE,9.5,9.2,9.0
2020,17,slot,QB,22.700000000000003,22.150000000000002,21.700000000000003
2020,17,slot,RB,13.6,12.925,12.1
2020,17,slot,WR,12.2,11.705,11.1
2020,17,slot,TE,10.8,10.68,10.6
2020,17,slot,FLEX,9.9,9.5,8.9
2020,17,slot,SF,16.240000000000002,15.72,15.2
2020,17,position,QB,16.240000000000002,15.668,15.2
2020,17,position,RB,10.9,10.180000000000001,9.3
2020,17,position,WR,9.9,9.54,9.1
2020,17,position,TE,10.3,9.52,9.0
2021,1,slot,QB,24.000000000000004,21.910000000000004,20.200000000000003
2021,1,slot,RB,11.3,11.502500000000001,11.75
2021,1,slot,WR,13.8,12.36,10.6
2021,1,slot,TE,9.2,9.349999999999998,9.45
2021,1,slot,FLEX,10.1,9.42,8.4
2021,1,slot,SF,18.0,15.195,12.39
2021,1,position,QB,18.0,14.9145,12.39
2021,1,position,RB,10.3,9.602500000000001,8.75
2021,1,position,WR,10.1,9.47,8.7
2021,1,position,TE,9.2,8.719999999999999,8.4
2021,2,slot,QB,21.8,20.92,20.200000000000003
2021,2,slot,RB,10.0,10.787500000000001,11.75
2021,2,slot,WR,13.0,11.92,10.6
2021,2,slot,TE,9.0,9.27,9.45
2021,2,slot,FLEX,9.4,9.0,8.4
2021,2,slot,SF,16.5,14.445,12.39
2021,2,position,QB,16.5,14.2395,12.39
2021,2,position,RB,9.6,9.217500000000001,8.75
2021,2,position,WR,9.4,9.085,8.7
2021,2,position,TE,9.0,8.64,8.4
2021,3,slot,QB,20.880000000000003,20.506000000000004,20.200000000000003
2021,3,slot,RB,14.6,13.317500000000003,11.75
2021,3,slot,WR,11.2,10.93,10.6
2021,3,slot,TE,10.2,9.75,9.45
2021,3,slot,FLEX,9.2,8.879999999999999,8.4
2021,3,slot,SF,16.54,14.465,12.39
2021,3,position,QB,16.54,14.2575,12.39
2021,3,position,RB,9.4,9.107500000000002,8.75
2021,3,position,WR,9.2,8.975,8.7
2021,3,position,TE,9.2,8.719999999999999,8.4
2021,4,slot,QB,22.56,21.262,20.200000000000003
2021,4,slot,RB,14.0,12.9875,11.75
2021,4,slot,WR,10.7,10.655,10.6
2021,4,slot,TE,13.6,11.11,9.45
2021,4,slot,FLEX,9.5,9.06,8.4
2021,4,slot,SF,17.680000000000003,15.035000000000002,12.39
2021,4,position,QB,17.680000000000003,14.770500000000002,12.39
2021,4,position,RB,9.6,9.217500000000001,8.75
2021,4,position,WR,9.5,9.14,8.7
2021,4,position,TE,11.2,9.52,8.4
2021,5,slot,QB,21.72,20.884,20.200000000000003
2021,5,slot,RB,15.4,13.7575,11.75
2021,5,slot,WR,10.5,10.545,10.6
2021,5,slot,TE,8.4,9.03,9.45
2021,5,slot,FLEX,9.3,8.940000000000001,8.4
2021,5,slot,SF,14.58,13.485,12.39
2021,5,position,QB,14.58,13.375499999999999,12.39
2021,5,position,RB,9.8,9.3275,8.75
2021,5,position,WR,9.3,9.030000000000001,8.7
2021,5,position,TE,8.4,8.4,8.4
2021,6,slot,QB,21.54,20.803,20.200000000000003
2021,6,slot,RB,13.7,12.822500000000002,11.75
2021,6,slot,WR,10.3,10.435,10.6
2021,6,slot,TE,10.4,9.829999999999998,9.45
2021,6,slot,FLEX,8.4,8.4,8.4
2021,6,slot,SF,12.16,12.275,12.39
2021,6,position,QB,12.16,12.2865,12.39
2021,6,position,RB,8.8,8.7775,8.75
2021,6,position,WR,8.6,8.645,8.7
2021,6,position,TE,8.4,8.4,8.4
2021,7,slot,QB,20.3,20.245000000000005,20.200000000000003
2021,7,slot,RB,12.4,12.107500000000002,11.75
2021,7,slot,WR,9.7,10.105,10.6
2021,7,slot,TE,9.7,9.549999999999999,9.45
2021,7,slot,FLEX,7.7,7.98,8.4
2021,7,slot,SF,11.02,11.705,12.39
2021,7,position,QB,11.02,11.7735,12.39
2021,7,position,RB,7.7,8.1725,8.75
2021,7,position,WR,8.100000000000001,8.370000000000001,8.7
2021,7,position,TE,7.800000000000001,8.16,8.4
2021,8,slot,QB,20.26,20.227000000000004,20.200000000000003
2021,8,slot,RB,13.6,12.767500000000002,11.75
2021,8,slot,WR,10.8,10.71,10.6
2021,8,slot,TE,8.3,8.989999999999998,9.45
2021,8,slot,FLEX,8.3,8.34,8.4
2021,8,slot,SF,12.62,12.504999999999999,12.39
2021,8,position,QB,12.62,12.493500000000001,12.39
2021,8,position,RB,8.8,8.7775,8.75
2021,8,position,WR,8.3,8.48,8.7
2021,8,position,TE,8.3,8.36,8.4
2021,9,slot,QB,18.14,19.273000000000003,20.200000000000003
2021,9,slot,RB,11.1,11.392500000000002,11.75
2021,9,slot,WR,8.5,9.445,10.6
2021,9,slot,TE,10.8,9.989999999999998,9.45
2021,9,slot,FLEX,8.2,8.28,8.4
2021,9,slot,SF,10.34,11.365,12.39
2021,9,position,QB,10.34,11.467500000000001,12.39
2021,9,position,RB,8.9,8.8325,8.75
2021,9,position,WR,8.2,8.424999999999999,8.7
2021,9,position,TE,8.3,8.36,8.4
2021,10,slot,QB,15.74,18.193,20.200000000000003
2021,10,slot,RB,11.6,11.6675,11.75
2021,10,slot,WR,9.8,10.16,10.6
2021,10,slot,TE,9.2,9.349999999999998,9.45
2021,10,slot,FLEX,8.100000000000001,8.22,8.4
2021,10,slot,SF,9.78,11.085,12.39
2021,10,position,QB,9.78,11.215499999999999,12.39
2021,10,position,RB,8.3,8.502500000000001,8.75
2021,10,position,WR,8.100000000000001,8.370000000000001,8.7
2021,10,position,TE,8.4,8.4,8.4
2021,11,slot,QB,19.28,19.786,20.200000000000003
2021,11,slot,RB,9.2,10.3475,11.75
2021,11,slot,WR,9.8,10.16,10.6
2021,11,slot,TE,9.9,9.629999999999999,9.45
2021,11,slot,FLEX,7.4,7.800000000000001,8.4
2021,11,slot,SF,9.220000000000002,10.805000000000001,12.39
2021,11,position,QB,9.220000000000002,10.963500000000002,12.39
2021,11,position,RB,7.4,8.0075,8.75
2021,11,position,WR,7.4,7.984999999999999,8.7
2021,11,position,TE,7.5,8.04,8.4
2021,12,slot,QB,17.020000000000003,18.769000000000005,20.200000000000003
2021,12,slot,RB,11.3,11.502500000000001,11.75
2021,12,slot,WR,9.7,10.105,10.6
2021,12,slot,TE,10.5,9.87,9.45
2021,12,slot,FLEX,8.0,8.16,8.4
2021,12,slot,SF,11.24,11.815000000000001,12.39
2021,12,position,QB,11.24,11.8725,12.39
2021,12,position,RB,8.0,8.3375,8.75
2021,12,position,WR,8.3,8.48,8.7
2021,12,position,TE,8.1,8.280000000000001,8.4
2021,13,slot,QB,17.86,19.147000000000002,20.200000000000003
2021,13,slot,RB,11.1,11.392500000000002,11.75
2021,13,slot,WR,9.7,10.105,10.6
2021,13,slot,TE,8.5,9.07,9.45
2021,13,slot,FLEX,7.4,7.800000000000001,8.4
2021,13,slot,SF,11.76,12.075,12.39
2021,13,position,QB,11.76,12.1065,12.39
2021,13,position,RB,7.4,8.0075,8.75
2021,13,position,WR,7.5,8.04,8.7
2021,13,position,TE,8.100000000000001,8.280000000000001,8.4
2021,14,slot,QB,20.14,20.173000000000002,20.200000000000003
2021,14,slot,RB,10.9,11.282500000000002,11.75
2021,14,slot,WR,12.4,11.59,10.6
2021,14,slot,TE,8.7,9.149999999999999,9.45
2021,14,slot,FLEX,8.600000000000001,8.520000000000001,8.4
2021,14,slot,SF,13.82,13.105,12.39
2021,14,position,QB,13.82,13.0335,12.39
2021,14,position,RB,8.600000000000001,8.6675,8.75
2021,14,position,WR,8.8,8.755,8.7
2021,14,position,TE,8.7,8.52,8.4
2021,15,slot,QB,16.9,18.715000000000003,20.200000000000003
2021,15,slot,RB,10.2,10.8975,11.75
2021,15,slot,WR,8.3,9.335,10.6
2021,15,slot,TE,9.7,9.549999999999999,9.45
2021,15,slot,FLEX,7.9,8.100000000000001,8.4
2021,15,slot,SF,10.58,11.485,12.39
2021,15,position,QB,10.58,11.5755,12.39
2021,15,position,RB,7.9,8.2825,8.75
2021,15,position,WR,7.9,8.26,8.7
2021,15,position,TE,8.0,8.24,8.4
2021,16,slot,QB,17.4,18.94,20.200000000000003
2021,16,slot,RB,11.9,11.832500000000001,11.75
2021,16,slot,WR,11.4,11.04,10.6
2021,16,slot,TE,8.7,9.149999999999999,9.45
2021,16,slot,FLEX,8.7,8.58,8.4
2021,16,slot,SF,12.900000000000002,12.645000000000001,12.39
2021,16,position,QB,12.900000000000002,12.619500000000002,12.39
2021,16,position,RB,8.7,8.7225,8.75
2021,16,position,WR,8.9,8.81,8.7
2021,16,position,TE,8.7,8.52,8.4
2021,17,slot,QB,19.06,19.687,20.200000000000003
2021,17,slot,RB,14.3,13.152500000000002,11.75
2021,17,slot,WR,11.0,10.82,10.6
2021,17,slot,TE,8.4,9.03,9.45
2021,17,slot,FLEX,8.4,8.4,8.4
2021,17,slot,SF,11.28,11.835,12.39
2021,17,position,QB,11.28,11.8905,12.39
2021,17,position,RB,8.7,8.7225,8.75
2021,17,position,WR,8.8,8.755,8.7
2021,17,position,TE,8.4,8.4,8.4
2021,18,slot,QB,21.9,20.965000000000003,20.200000000000003
2021,18,slot,RB,12.6,12.217500000000001,11.75
2021,18,slot,WR,13.5,12.195,10.6
2021,18,slot,TE,11.1,10.11,9.45
2021,18,slot,FLEX,9.4,9.0,8.4
2021,18,slot,SF,12.74,12.565000000000001,12.39
2021,18,position,QB,12.74,12.5475,12.39
2021,18,position,RB,9.4,9.107500000000002,8.75
2021,18,position,WR,9.6,9.195,8.7
2021,18,position,TE,9.7,8.92,8.4
2022,1,slot,QB,19.34,18.944000000000003,18.62
2022,1,slot,RB,12.3,12.0975,11.85
2022,1,slot,WR,11.3,10.872500000000002,10.350000000000001
2022,1,slot,TE,9.7,9.549999999999999,9.45
2022,1,slot,FLEX,9.0,8.74,8.350000000000001
2022,1,slot,SF,14.8,13.72,12.64
2022,1,position,QB,14.8,13.612,12.64
2022,1,position,RB,9.1,8.8075,8.45
2022,1,position,WR,9.0,8.775,8.5
2022,1,position,TE,9.6,8.82,8.3
2022,2,slot,QB,18.98,18.782,18.62
2022,2,slot,RB,9.8,10.7225,11.85
2022,2,slot,WR,11.5,10.982500000000002,10.350000000000001
2022,2,slot,TE,10.2,9.75,9.45
2022,2,slot,FLEX,8.5,8.440000000000001,8.350000000000001
2022,2,slot,SF,13.3,12.97,12.64
2022,2,position,QB,13.3,12.937000000000001,12.64
2022,2,position,RB,8.5,8.477500000000001,8.45
2022,2,position,WR,8.5,8.5,8.5
2022,2,position,TE,8.7,8.46,8.3
2022,3,slot,QB,17.900000000000002,18.296,18.62
2022,3,slot,RB,12.2,12.0425,11.85
2022,3,slot,WR,12.1,11.3125,10.350000000000001
2022,3,slot,TE,9.4,9.43,9.45
2022,3,slot,FLEX,9.5,9.040000000000001,8.350000000000001
2022,3,slot,SF,13.74,13.190000000000001,12.64
2022,3,position,QB,13.74,13.135000000000002,12.64
2022,3,position,RB,9.5,9.0275,8.45
2022,3,position,WR,9.6,9.105,8.5
2022,3,position,TE,9.4,8.74,8.3
2022,4,slot,QB,20.08,19.277,18.62
2022,4,slot,RB,13.0,12.4825,11.85
2022,4,slot,WR,10.0,10.1575,10.350000000000001
2022,4,slot,TE,10.2,9.75,9.45
2022,4,slot,FLEX,9.0,8.74,8.350000000000001
2022,4,slot,SF,13.74,13.190000000000001,12.64
2022,4,position,QB,13.74,13.135000000000002,12.64
2022,4,position,RB,9.0,8.7525,8.45
2022,4,position,WR,9.1,8.83,8.5
2022,4,position,TE,9.2,8.66,8.3
2022,5,slot,QB,17.94,18.314,18.62
2022,5,slot,RB,14.6,13.3625,11.85
2022,5,slot,WR,9.9,10.102500000000001,10.350000000000001
2022,5,slot,TE,8.100000000000001,8.91,9.45
2022,5,slot,FLEX,8.5,8.440000000000001,8.350000000000001
2022,5,slot,SF,12.08,12.36,12.64
2022,5,position,QB,12.08,12.388,12.64
2022,5,position,RB,9.0,8.7525,8.45
2022,5,position,WR,8.5,8.5,8.5
2022,5,position,TE,8.100000000000001,8.22,8.3
2022,6,slot,QB,16.94,17.864,18.62
2022,6,slot,RB,11.7,11.7675,11.85
2022,6,slot,WR,10.2,10.267500000000002,10.350000000000001
2022,6,slot,TE,11.2,10.149999999999999,9.45
2022,6,slot,FLEX,7.4,7.780000000000001,8.350000000000001
2022,6,slot,SF,11.82,12.23,12.64
2022,6,position,QB,11.82,12.271,12.64
2022,6,position,RB,7.4,7.8725000000000005,8.45
2022,6,position,WR,7.7,8.06,8.5
2022,6,position,TE,7.5,7.98,8.3
2022,7,slot,QB,16.32,17.585,18.62
2022,7,slot,RB,13.7,12.8675,11.85
2022,7,slot,WR,10.4,10.377500000000001,10.350000000000001
2022,7,slot,TE,8.4,9.03,9.45
2022,7,slot,FLEX,8.3,8.32,8.350000000000001
2022,7,slot,SF,10.7,11.67,12.64
2022,7,position,QB,10.7,11.767,12.64
2022,7,position,RB,8.4,8.422500000000001,8.45
2022,7,position,WR,8.3,8.39,8.5
2022,7,position,TE,8.3,8.3,8.3
2022,8,slot,QB,20.32,19.384999999999998,18.62
2022,8,slot,RB,12.6,12.2625,11.85
2022,8,slot,WR,10.2,10.267500000000002,10.350000000000001
2022,8,slot,TE,9.5,9.469999999999999,9.45
2022,8,slot,FLEX,9.1,8.8,8.350000000000001
2022,8,slot,SF,15.22,13.93,12.64
2022,8,position,QB,15.22,13.801,12.64
2022,8,position,RB,9.2,8.862499999999999,8.45
2022,8,position,WR,9.1,8.83,8.5
2022,8,position,TE,9.4,8.74,8.3
2022,9,slot,QB,17.520000000000003,18.125,18.62
2022,9,slot,RB,8.9,10.2275,11.85
2022,9,slot,WR,7.300000000000001,8.672500000000001,10.350000000000001
2022,9,slot,TE,8.1,8.91,9.45
2022,9,slot,FLEX,5.9,6.880000000000001,8.350000000000001
2022,9,slot,SF,10.9,11.77,12.64
2022,9,position,QB,10.9,11.857,12.64
2022,9,position,RB,5.9,7.0475,8.45
2022,9,position,WR,6.5,7.4,8.5
2022,9,position,TE,6.0,7.380000000000001,8.3
2022,10,slot,QB,19.200000000000003,18.881,18.62
2022,10,slot,RB,10.2,10.942499999999999,11.85
2022,10,slot,WR,10.8,10.597500000000002,10.350000000000001
2022,10,slot,TE,8.0,8.87,9.45
2022,10,slot,FLEX,8.0,8.14,8.350000000000001
2022,10,slot,SF,14.84,13.74,12.64
2022,10,position,QB,14.84,13.629999999999999,12.64
2022,10,position,RB,8.8,8.6425,8.45
2022,10,position,WR,8.0,8.225000000000001,8.5
2022,10,position,TE,8.0,8.18,8.3
2022,11,slot,QB,20.28,19.367,18.62
2022,11,slot,RB,10.7,11.2175,11.85
2022,11,slot,WR,9.9,10.102500000000001,10.350000000000001
2022,11,slot,TE,6.5,8.27,9.45
2022,11,slot,FLEX,7.6,7.9,8.350000000000001
2022,11,slot,SF,10.14,11.39,12.64
2022,11,position,QB,10.14,11.515,12.64
2022,11,position,RB,7.7,8.0375,8.45
2022,11,position,WR,7.6,8.004999999999999,8.5
2022,11,position,TE,6.5,7.58,8.3
2022,12,slot,QB,20.8,19.601,18.62
2022,12,slot,RB,13.2,12.5925,11.85
2022,12,slot,WR,11.0,10.707500000000001,10.350000000000001
2022,12,slot,TE,9.9,9.629999999999999,9.45
2022,12,slot,FLEX,9.0,8.74,8.350000000000001
2022,12,slot,SF,13.86,13.25,12.64
2022,12,position,QB,13.86,13.189,12.64
2022,12,position,RB,9.2,8.862499999999999,8.45
2022,12,position,WR,9.0,8.775,8.5
2022,12,position,TE,9.9,8.940000000000001,8.3
2022,13,slot,QB,17.14,17.954,18.62
2022,13,slot,RB,11.1,11.4375,11.85
2022,13,slot,WR,10.4,10.377500000000001,10.350000000000001
2022,13,slot,TE,8.2,8.95,9.45
2022,13,slot,FLEX,8.4,8.38,8.350000000000001
2022,13,slot,SF,13.28,12.96,12.64
2022,13,position,QB,13.28,12.928,12.64
2022,13,position,RB,8.4,8.422500000000001,8.45
2022,13,position,WR,8.5,8.5,8.5
2022,13,position,TE,8.2,8.26,8.3
2022,14,slot,QB,19.48,19.007,18.62
2022,14,slot,RB,10.2,10.942499999999999,11.85
2022,14,slot,WR,10.6,10.4875,10.350000000000001
2022,14,slot,TE,8.5,9.07,9.45
2022,14,slot,FLEX,7.4,7.780000000000001,8.350000000000001
2022,14,slot,SF,10.24,11.440000000000001,12.64
2022,14,position,QB,10.24,11.56,12.64
2022,14,position,RB,7.6,7.9825,8.45
2022,14,position,WR,7.4,7.8950000000000005,8.5
2022,14,position,TE,8.5,8.38,8.3
2022,15,slot,QB,19.24,18.899,18.62
2022,15,slot,RB,12.0,11.932500000000001,11.85
2022,15,slot,WR,11.1,10.762500000000001,10.350000000000001
2022,15,slot,TE,10.7,9.95,9.45
2022,15,slot,FLEX,9.9,9.280000000000001,8.350000000000001
2022,15,slot,SF,13.2,12.92,12.64
2022,15,position,QB,13.2,12.892,12.64
2022,15,position,RB,9.9,9.2475,8.45
2022,15,position,WR,10.0,9.325,8.5
2022,15,position,TE,10.2,9.06,8.3
2022,16,slot,QB,18.26,18.458000000000002,18.62
2022,16,slot,RB,11.5,11.657499999999999,11.85
2022,16,slot,WR,10.3,10.322500000000002,10.350000000000001
2022,16,slot,TE,10.2,9.75,9.45
2022,16,slot,FLEX,8.2,8.26,8.350000000000001
2022,16,slot,SF,10.4,11.52,12.64
2022,16,position,QB,10.4,11.632000000000001,12.64
2022,16,position,RB,8.4,8.422500000000001,8.45
2022,16,position,WR,8.600000000000001,8.555000000000001,8.5
2022,16,position,TE,8.2,8.26,8.3
2022,17,slot,QB,17.06,17.918,18.62
2022,17,slot,RB,11.3,11.5475,11.85
2022,17,slot,WR,7.8,8.947500000000002,10.350000000000001
2022,17,slot,TE,11.0,10.07,9.45
2022,17,slot,FLEX,8.0,8.14,8.350000000000001
2022,17,slot,SF,9.6,11.120000000000001,12.64
2022,17,position,QB,9.6,11.272,12.64
2022,17,position,RB,8.0,8.2025,8.45
2022,17,position,WR,7.8,8.115,8.5
2022,17,position,TE,8.2,8.26,8.3
2022,18,slot,QB,15.86,17.378,18.62
2022,18,slot,RB,12.0,11.932500000000001,11.85
2022,18,slot,WR,9.8,10.047500000000001,10.350000000000001
2022,18,slot,TE,8.3,8.989999999999998,9.45
2022,18,slot,FLEX,7.6,7.9,8.350000000000001
2022,18,slot,SF,10.36,11.5,12.64
2022,18,position,QB,10.36,11.614,12.64
2022,18,position,RB,7.6,7.9825,8.45
2022,18,position,WR,7.800000000000001,8.115000000000002,8.5
2022,18,position,TE,8.3,8.3,8.3
2023,1,slot,QB,16.459999999999997,17.878999999999998,19.04
2023,1,slot,RB,10.7,10.655,10.6
2023,1,slot,WR,10.0,10.1575,10.350000000000001
2023,1,slot,TE,6.5,7.9399999999999995,8.9
2023,1,slot,FLEX,8.1,8.04,7.95
2023,1,slot,SF,10.18,11.459999999999999,12.739999999999998
2023,1,position,QB,10.18,11.588,12.739999999999998
2023,1,position,RB,8.100000000000001,8.055000000000001,8.0
2023,1,position,WR,8.1,8.055,8.0
2023,1,position,TE,6.5,7.49,8.15
2023,2,slot,QB,22.200000000000003,20.462,19.04
2023,2,slot,RB,11.5,11.094999999999999,10.6
2023,2,slot,WR,12.6,11.587500000000002,10.350000000000001
2023,2,slot,TE,8.600000000000001,8.780000000000001,8.9
2023,2,slot,FLEX,9.1,8.64,7.95
2023,2,slot,SF,15.380000000000004,14.060000000000002,12.739999999999998
2023,2,position,QB,15.380000000000004,13.928,12.739999999999998
2023,2,position,RB,9.3,8.715000000000002,8.0
2023,2,position,WR,9.1,8.605,8.0
2023,2,position,TE,8.600000000000001,8.33,8.15
2023,3,slot,QB,20.6,19.741999999999997,19.04
2023,3,slot,RB,9.5,9.995000000000001,10.6
2023,3,slot,WR,12.2,11.3675,10.350000000000001
2023,3,slot,TE,8.3,8.66,8.9
2023,3,slot,FLEX,8.0,7.98,7.95
2023,3,slot,SF,14.240000000000002,13.49,12.739999999999998
2023,3,position,QB,14.240000000000002,13.415,12.739999999999998
2023,3,position,RB,8.0,8.0,8.0
2023,3,position,WR,8.0,8.0,8.0
2023,3,position,TE,8.3,8.21,8.15
2023,4,slot,QB,21.840000000000003,20.3,19.04
2023,4,slot,RB,9.3,9.885000000000002,10.6
2023,4,slot,WR,10.5,10.432500000000001,10.350000000000001
2023,4,slot,TE,9.4,9.1,8.9
2023,4,slot,FLEX,8.100000000000001,8.040000000000001,7.95
2023,4,slot,SF,12.7,12.719999999999999,12.739999999999998
2023,4,position,QB,12.7,12.721999999999998,12.739999999999998
2023,4,position,RB,8.100000000000001,8.055000000000001,8.0
2023,4,position,WR,8.3,8.165000000000001,8.0
2023,4,position,TE,8.3,8.21,8.15
2023,5,slot,QB,19.24,19.129999999999995,19.04
2023,5,slot,RB,11.0,10.82,10.6
2023,5,slot,WR,9.1,9.662500000000001,10.350000000000001
2023,5,slot,TE,10.6,9.58,8.9
2023,5,slot,FLEX,7.6,7.74,7.95
2023,5,slot,SF,9.94,11.34,12.739999999999998
2023,5,position,QB,9.94,11.479999999999999,12.739999999999998
2023,5,position,RB,7.6,7.779999999999999,8.0
2023,5,position,WR,7.7,7.835000000000001,8.0
2023,5,position,TE,7.6,7.93,8.15
2023,6,slot,QB,16.080000000000002,17.708,19.04
2023,6,slot,RB,10.5,10.545,10.6
2023,6,slot,WR,10.3,10.322500000000002,10.350000000000001
2023,6,slot,TE,8.2,8.62,8.9
2023,6,slot,FLEX,7.7,7.800000000000001,7.95
2023,6,slot,SF,10.1,11.419999999999998,12.739999999999998
2023,6,position,QB,10.1,11.552,12.739999999999998
2023,6,position,RB,7.7,7.835000000000001,8.0
2023,6,position,WR,7.7,7.835000000000001,8.0
2023,6,position,TE,8.0,8.09,8.15
2023,7,slot,QB,17.439999999999998,18.319999999999997,19.04
2023,7,slot,RB,11.1,10.875,10.6
2023,7,slot,WR,9.3,9.7725,10.350000000000001
2023,7,slot,TE,8.2,8.62,8.9
2023,7,slot,FLEX,7.5,7.68,7.95
2023,7,slot,SF,12.78,12.759999999999998,12.739999999999998
2023,7,position,QB,12.78,12.758,12.739999999999998
2023,7,position,RB,7.6,7.779999999999999,8.0
2023,7,position,WR,7.5,7.725,8.0
2023,7,position,TE,7.5,7.89,8.15
2023,8,slot,QB,21.38,20.092999999999996,19.04
2023,8,slot,RB,10.4,10.49,10.6
2023,8,slot,WR,11.3,10.872500000000002,10.350000000000001
2023,8,slot,TE,12.7,10.42,8.9
2023,8,slot,FLEX,9.0,8.58,7.95
2023,8,slot,SF,12.9,12.82,12.739999999999998
2023,8,position,QB,12.9,12.812,12.739999999999998
2023,8,position,RB,9.0,8.55,8.0
2023,8,position,WR,9.0,8.55,8.0
2023,8,position,TE,9.8,8.81,8.15
2023,9,slot,QB,16.74,18.005,19.04
2023,9,slot,RB,9.8,10.16,10.6
2023,9,slot,WR,8.100000000000001,9.1125,10.350000000000001
2023,9,slot,TE,11.4,9.9,8.9
2023,9,slot,FLEX,7.6,7.74,7.95
2023,9,slot,SF,9.02,10.879999999999999,12.739999999999998
2023,9,position,QB,9.02,11.065999999999999,12.739999999999998
2023,9,position,RB,7.6,7.779999999999999,8.0
2023,9,position,WR,7.7,7.835000000000001,8.0
2023,9,position,TE,9.6,8.73,8.15
2023,10,slot,QB,18.72,18.896,19.04
2023,10,slot,RB,11.7,11.205,10.6
2023,10,slot,WR,10.6,10.4875,10.350000000000001
2023,10,slot,TE,8.8,8.86,8.9
2023,10,slot,FLEX,7.4,7.620000000000001,7.95
2023,10,slot,SF,9.2,10.969999999999999,12.739999999999998
2023,10,position,QB,9.2,11.146999999999998,12.739999999999998
2023,10,position,RB,8.0,8.0,8.0
2023,10,position,WR,7.6,7.779999999999999,8.0
2023,10,position,TE,7.4,7.85,8.15
2023,11,slot,QB,18.9,18.976999999999997,19.04
2023,11,slot,RB,10.2,10.379999999999999,10.6
2023,11,slot,WR,9.2,9.717500000000001,10.350000000000001
2023,11,slot,TE,7.5,8.34,8.9
2023,11,slot,FLEX,6.9,7.32,7.95
2023,11,slot,SF,12.52,12.629999999999999,12.739999999999998
2023,11,position,QB,12.52,12.640999999999998,12.739999999999998
2023,11,position,RB,7.300000000000001,7.615,8.0
2023,11,position,WR,6.9,7.3950000000000005,8.0
2023,11,position,TE,6.9,7.65,8.15
2023,12,slot,QB,18.18,18.653,19.04
2023,12,slot,RB,10.2,10.379999999999999,10.6
2023,12,slot,WR,11.6,11.037500000000001,10.350000000000001
2023,12,slot,TE,7.8,8.46,8.9
2023,12,slot,FLEX,8.0,7.98,7.95
2023,12,slot,SF,11.46,12.1,12.739999999999998
2023,12,position,QB,11.46,12.164,12.739999999999998
2023,12,position,RB,8.0,8.0,8.0
2023,12,position,WR,8.0,8.0,8.0
2023,12,position,TE,7.8,8.01,8.15
2023,13,slot,QB,19.18,19.102999999999998,19.04
2023,13,slot,RB,9.4,9.940000000000001,10.6
2023,13,slot,WR,9.9,10.102500000000001,10.350000000000001
2023,13,slot,TE,8.5,8.74,8.9
2023,13,slot,FLEX,7.1000000000000005,7.4399999999999995,7.95
2023,13,slot,SF,8.940000000000001,10.84,12.739999999999998
2023,13,position,QB,8.940000000000001,11.030000000000001,12.739999999999998
2023,13,position,RB,7.2,7.5600000000000005,8.0
2023,13,position,WR,7.1000000000000005,7.505000000000001,8.0
2023,13,position,TE,7.1000000000000005,7.73,8.15
2023,14,slot,QB,20.34,19.625,19.04
2023,14,slot,RB,12.0,11.370000000000001,10.6
2023,14,slot,WR,9.8,10.047500000000001,10.350000000000001
2023,14,slot,TE,9.7,9.219999999999999,8.9
2023,14,slot,FLEX,8.2,8.1,7.95
2023,14,slot,SF,13.64,13.19,12.739999999999998
2023,14,position,QB,13.64,13.145,12.739999999999998
2023,14,position,RB,8.2,8.11,8.0
2023,14,position,WR,8.2,8.11,8.0
2023,14,position,TE,8.4,8.25,8.15
2023,15,slot,QB,18.52,18.805999999999997,19.04
2023,15,slot,RB,9.8,10.16,10.6
2023,15,slot,WR,9.6,9.9375,10.350000000000001
2023,15,slot,TE,10.8,9.66,8.9
2023,15,slot,FLEX,7.9,7.92,7.95
2023,15,slot,SF,13.86,13.299999999999999,12.739999999999998
2023,15,position,QB,13.86,13.244,12.739999999999998
2023,15,position,RB,8.0,8.0,8.0
2023,15,position,WR,7.9,7.945,8.0
2023,15,position,TE,7.9,8.05,8.15
2023,16,slot,QB,20.72,19.796,19.04
2023,16,slot,RB,11.6,11.149999999999999,10.6
2023,16,slot,WR,11.3,10.872500000000002,10.350000000000001
2023,16,slot,TE,10.6,9.58,8.9
2023,16,slot,FLEX,8.7,8.4,7.95
2023,16,slot,SF,16.44,14.59,12.739999999999998
2023,16,position,QB,16.44,14.405,12.739999999999998
2023,16,position,RB,8.7,8.385,8.0
2023,16,position,WR,8.7,8.385,8.0
2023,16,position,TE,8.7,8.37,8.15
2023,17,slot,QB,19.18,19.102999999999998,19.04
2023,17,slot,RB,13.1,11.975,10.6
2023,17,slot,WR,10.4,10.377500000000001,10.350000000000001
2023,17,slot,TE,9.0,8.94,8.9
2023,17,slot,FLEX,8.4,8.22,7.95
2023,17,slot,SF,13.260000000000002,13.0,12.739999999999998
2023,17,position,QB,13.260000000000002,12.974,12.739999999999998
2023,17,position,RB,9.1,8.605,8.0
2023,17,position,WR,8.4,8.22,8.0
2023,17,position,TE,8.4,8.25,8.15
2023,18,slot,QB,18.040000000000003,18.59,19.04
2023,18,slot,RB,11.3,10.985,10.6
2023,18,slot,WR,10.8,10.597500000000002,10.350000000000001
2023,18,slot,TE,9.9,9.3,8.9
2023,18,slot,FLEX,7.9,7.92,7.95
2023,18,slot,SF,13.08,12.91,12.739999999999998
2023,18,position,QB,13.08,12.892999999999999,12.739999999999998
2023,18,position,RB,7.9,7.945,8.0
2023,18,position,WR,8.0,8.0,8.0
2023,18,position,TE,8.3,8.21,8.15
2024,1,slot,QB,16.42,18.268,19.78
2024,1,slot,RB,13.6,12.925,12.1
2024,1,slot,WR,9.5,10.13,10.9
2024,1,slot,TE,6.0,7.89,9.149999999999999
2024,1,slot,FLEX,8.4,8.46,8.55
2024,1,slot,SF,11.02,11.985,12.950000000000001
2024,1,position,QB,11.02,12.081500000000002,12.950000000000001
2024,1,position,RB,8.4,8.512500000000001,8.65
2024,1,position,WR,8.6,8.6225,8.649999999999999
2024,1,position,TE,6.0,7.47,8.45
2024,2,slot,QB,16.380000000000003,18.25,19.78
2024,2,slot,RB,13.3,12.760000000000002,12.1
2024,2,slot,WR,8.8,9.745000000000001,10.9
2024,2,slot,TE,7.3,8.41,9.149999999999999
2024,2,slot,FLEX,7.1000000000000005,7.68,8.55
2024,2,slot,SF,12.920000000000002,12.935000000000002,12.950000000000001
2024,2,position,QB,12.920000000000002,12.936500000000002,12.950000000000001
2024,2,position,RB,7.1000000000000005,7.797500000000001,8.65
2024,2,position,WR,7.1000000000000005,7.7975,8.649999999999999
2024,2,position,TE,7.3,7.989999999999999,8.45
2024,3,slot,QB,21.040000000000003,20.347,19.78
2024,3,slot,RB,11.1,11.55,12.1
2024,3,slot,WR,11.4,11.175,10.9
2024,3,slot,TE,6.7,8.17,9.149999999999999
2024,3,slot,FLEX,8.7,8.64,8.55
2024,3,slot,SF,13.599999999999998,13.274999999999999,12.950000000000001
2024,3,position,QB,13.599999999999998,13.2425,12.950000000000001
2024,3,position,RB,8.8,8.732500000000002,8.65
2024,3,position,WR,8.7,8.6775,8.649999999999999
2024,3,position,TE,6.7,7.75,8.45
2024,4,slot,QB,16.74,18.412,19.78
2024,4,slot,RB,12.6,12.375,12.1
2024,4,slot,WR,11.5,11.23,10.9
2024,4,slot,TE,8.3,8.809999999999999,9.149999999999999
2024,4,slot,FLEX,9.0,8.82,8.55
2024,4,slot,SF,11.6,12.275,12.950000000000001
2024,4,position,QB,11.6,12.342500000000001,12.950000000000001
2024,4,position,RB,9.0,8.842500000000001,8.65
2024,4,position,WR,9.1,8.897499999999999,8.649999999999999
2024,4,position,TE,8.3,8.39,8.45
2024,5,slot,QB,22.08,20.814999999999998,19.78
2024,5,slot,RB,11.7,11.88,12.1
2024,5,slot,WR,11.1,11.010000000000002,10.9
2024,5,slot,TE,10.0,9.489999999999998,9.149999999999999
2024,5,slot,FLEX,9.1,8.88,8.55
2024,5,slot,SF,12.6,12.775,12.950000000000001
2024,5,position,QB,12.6,12.7925,12.950000000000001
2024,5,position,RB,9.1,8.8975,8.65
2024,5,position,WR,9.5,9.1175,8.649999999999999
2024,5,position,TE,9.3,8.79,8.45
2024,6,slot,QB,20.74,20.212,19.78
2024,6,slot,RB,12.8,12.485000000000001,12.1
2024,6,slot,WR,9.8,10.295000000000002,10.9
2024,6,slot,TE,8.8,9.01,9.149999999999999
2024,6,slot,FLEX,8.3,8.4,8.55
2024,6,slot,SF,12.5,12.725000000000001,12.950000000000001
2024,6,position,QB,12.5,12.7475,12.950000000000001
2024,6,position,RB,8.5,8.5675,8.65
2024,6,position,WR,8.3,8.4575,8.649999999999999
2024,6,position,TE,8.5,8.469999999999999,8.45
2024,7,slot,QB,17.78,18.880000000000003,19.78
2024,7,slot,RB,13.1,12.65,12.1
2024,7,slot,WR,8.0,9.305,10.9
2024,7,slot,TE,10.8,9.809999999999999,9.149999999999999
2024,7,slot,FLEX,7.6,7.98,8.55
2024,7,slot,SF,9.9,11.425,12.950000000000001
2024,7,position,QB,9.9,11.5775,12.950000000000001
2024,7,position,RB,7.9,8.2375,8.65
2024,7,position,WR,7.7,8.1275,8.649999999999999
2024,7,position,TE,7.6,8.11,8.45
2024,8,slot,QB,22.300000000000004,20.914,19.78
2024,8,slot,RB,13.2,12.705,12.1
2024,8,slot,WR,11.6,11.285,10.9
2024,8,slot,TE,12.1,10.329999999999998,9.149999999999999
2024,8,slot,FLEX,10.4,9.66,8.55
2024,8,slot,SF,14.66,13.805,12.950000000000001
2024,8,position,QB,14.66,13.7195,12.950000000000001
2024,8,position,RB,10.4,9.6125,8.65
2024,8,position,WR,10.4,9.6125,8.649999999999999
2024,8,position,TE,11.1,9.51,8.45
2024,9,slot,QB,19.56,19.680999999999997,19.78
2024,9,slot,RB,12.0,12.045000000000002,12.1
2024,9,slot,WR,10.0,10.405000000000001,10.9
2024,9,slot,TE,10.6,9.73,9.149999999999999
2024,9,slot,FLEX,8.9,8.76,8.55
2024,9,slot,SF,13.44,13.195,12.950000000000001
2024,9,position,QB,13.44,13.1705,12.950000000000001
2024,9,position,RB,9.4,9.0625,8.65
2024,9,position,WR,8.9,8.7875,8.649999999999999
2024,9,position,TE,9.0,8.67,8.45
2024,10,slot,QB,18.1,19.024,19.78
2024,10,slot,RB,10.3,11.110000000000001,12.1
2024,10,slot,WR,7.800000000000001,9.195,10.9
2024,10,slot,TE,8.100000000000001,8.73,9.149999999999999
2024,10,slot,FLEX,7.0,7.620000000000001,8.55
2024,10,slot,SF,8.940000000000001,10.945,12.950000000000001
2024,10,position,QB,8.940000000000001,11.145500000000002,12.950000000000001
2024,10,position,RB,7.0,7.742500000000001,8.65
2024,10,position,WR,7.0,7.7425,8.649999999999999
2024,10,position,TE,7.2,7.949999999999999,8.45
2024,11,slot,QB,23.52,21.463,19.78
2024,11,slot,RB,10.6,11.275,12.1
2024,11,slot,WR,11.0,10.955000000000002,10.9
2024,11,slot,TE,8.600000000000001,8.93,9.149999999999999
2024,11,slot,FLEX,7.9,8.16,8.55
2024,11,slot,SF,15.84,14.395,12.950000000000001
2024,11,position,QB,15.84,14.2505,12.950000000000001
2024,11,position,RB,8.3,8.4575,8.65
2024,11,position,WR,7.9,8.2375,8.649999999999999
2024,11,position,TE,8.4,8.43,8.45
2024,12,slot,QB,17.980000000000004,18.970000000000002,19.78
2024,12,slot,RB,8.2,9.955,12.1
2024,12,slot,WR,9.2,9.965,10.9
2024,12,slot,TE,12.8,10.61,9.149999999999999
2024,12,slot,FLEX,7.4,7.860000000000001,8.55
2024,12,slot,SF,12.98,12.965,12.950000000000001
2024,12,position,QB,12.98,12.9635,12.950000000000001
2024,12,position,RB,7.4,7.9625,8.65
2024,12,position,WR,7.5,8.0175,8.649999999999999
2024,12,position,TE,7.9,8.23,8.45
2024,13,slot,QB,20.0,19.879,19.78
2024,13,slot,RB,12.2,12.155000000000001,12.1
2024,13,slot,WR,11.0,10.955000000000002,10.9
2024,13,slot,TE,12.2,10.37,9.149999999999999
2024,13,slot,FLEX,9.1,8.88,8.55
2024,13,slot,SF,15.62,14.285,12.950000000000001
2024,13,position,QB,15.62,14.1515,12.950000000000001
2024,13,position,RB,9.4,9.0625,8.65
2024,13,position,WR,9.1,8.897499999999999,8.649999999999999
2024,13,position,TE,9.2,8.75,8.45
2024,14,slot,QB,17.96,18.961,19.78
2024,14,slot,RB,12.5,12.32,12.1
2024,14,slot,WR,10.8,10.845000000000002,10.9
2024,14,slot,TE,8.5,8.89,9.149999999999999
2024,14,slot,FLEX,7.5,7.92,8.55
2024,14,slot,SF,13.32,13.135000000000002,12.950000000000001
2024,14,position,QB,13.32,13.116500000000002,12.950000000000001
2024,14,position,RB,8.2,8.4025,8.65
2024,14,position,WR,7.5,8.0175,8.649999999999999
2024,14,position,TE,7.9,8.23,8.45
2024,15,slot,QB,17.56,18.781,19.78
2024,15,slot,RB,11.6,11.825,12.1
2024,15,slot,WR,11.0,10.955000000000002,10.9
2024,15,slot,TE,9.1,9.129999999999999,9.149999999999999
2024,15,slot,FLEX,8.3,8.4,8.55
2024,15,slot,SF,11.24,12.095,12.950000000000001
2024,15,position,QB,11.24,12.180500000000002,12.950000000000001
2024,15,position,RB,8.4,8.512500000000001,8.65
2024,15,position,WR,8.3,8.4575,8.649999999999999
2024,15,position,TE,9.0,8.67,8.45
2024,16,slot,QB,21.360000000000003,20.491,19.78
2024,16,slot,RB,12.4,12.265,12.1
2024,16,slot,WR,10.5,10.68,10.9
2024,16,slot,TE,9.2,9.169999999999998,9.149999999999999
2024,16,slot,FLEX,9.0,8.82,8.55
2024,16,slot,SF,14.38,13.665000000000001,12.950000000000001
2024,16,position,QB,14.38,13.593500000000002,12.950000000000001
2024,16,position,RB,9.0,8.842500000000001,8.65
2024,16,position,WR,9.0,8.8425,8.649999999999999
2024,16,position,TE,9.2,8.75,8.45
2024,17,slot,QB,24.44,21.877000000000002,19.78
2024,17,slot,RB,9.3,10.560000000000002,12.1
2024,17,slot,WR,13.1,12.11,10.9
2024,17,slot,TE,12.2,10.37,9.149999999999999
2024,17,slot,FLEX,9.1,8.88,8.55
2024,17,slot,SF,15.300000000000004,14.125000000000004,12.950000000000001
2024,17,position,QB,15.300000000000004,14.007500000000004,12.950000000000001
2024,17,position,RB,9.1,8.8975,8.65
2024,17,position,WR,9.2,8.952499999999999,8.649999999999999
2024,17,position,TE,9.3,8.79,8.45
2024,18,slot,QB,22.74,21.112000000000002,19.78
2024,18,slot,RB,10.7,11.33,12.1
2024,18,slot,WR,11.4,11.175,10.9
2024,18,slot,TE,12.7,10.57,9.149999999999999
2024,18,slot,FLEX,8.8,8.700000000000001,8.55
2024,18,slot,SF,12.36,12.655000000000001,12.950000000000001
2024,18,position,QB,12.36,12.6845,12.950000000000001
2024,18,position,RB,8.8,8.732500000000002,8.65
2024,18,position,WR,8.8,8.7325,8.649999999999999
2024,18,position,TE,9.8,8.99,8.45
2025,1,slot,QB,24.02,21.732,19.860000000000003
2025,1,slot,RB,12.4,11.995000000000001,11.5
2025,1,slot,WR,9.3,9.412500000000001,9.55
2025,1,slot,TE,10.1,10.01,9.95
2025,1,slot,FLEX,8.100000000000001,8.06,8.0
2025,1,slot,SF,12.2,12.32,12.44
2025,1,position,QB,12.2,12.332,12.44
2025,1,position,RB,8.100000000000001,8.0775,8.05
2025,1,position,WR,8.5,8.275,8.0
2025,1,position,TE,8.600000000000001,8.450000000000001,8.35
2025,2,slot,QB,21.32,20.517000000000003,19.860000000000003
2025,2,slot,RB,13.6,12.655000000000001,11.5
2025,2,slot,WR,12.5,11.172500000000001,9.55
2025,2,slot,TE,8.5,9.370000000000001,9.95
2025,2,slot,FLEX,9.2,8.719999999999999,8.0
2025,2,slot,SF,16.98,14.71,12.44
2025,2,position,QB,16.98,14.483,12.44
2025,2,position,RB,9.3,8.7375,8.05
2025,2,position,WR,9.2,8.66,8.0
2025,2,position,TE,8.5,8.41,8.35
2025,3,slot,QB,16.68,18.429000000000002,19.860000000000003
2025,3,slot,RB,10.6,11.004999999999999,11.5
2025,3,slot,WR,10.7,10.182500000000001,9.55
2025,3,slot,TE,9.1,9.61,9.95
2025,3,slot,FLEX,8.1,8.059999999999999,8.0
2025,3,slot,SF,12.68,12.559999999999999,12.44
2025,3,position,QB,12.68,12.548,12.44
2025,3,position,RB,8.1,8.0775,8.05
2025,3,position,WR,8.100000000000001,8.055000000000001,8.0
2025,3,position,TE,8.100000000000001,8.25,8.35
2025,4,slot,QB,19.840000000000003,19.851000000000003,19.860000000000003
2025,4,slot,RB,13.4,12.545000000000002,11.5
2025,4,slot,WR,9.1,9.3025,9.55
2025,4,slot,TE,9.8,9.89,9.95
2025,4,slot,FLEX,8.8,8.48,8.0
2025,4,slot,SF,13.94,13.19,12.44
2025,4,position,QB,13.94,13.114999999999998,12.44
2025,4,position,RB,8.9,8.517500000000002,8.05
2025,4,position,WR,8.8,8.440000000000001,8.0
2025,4,position,TE,9.0,8.61,8.35
2025,5,slot,QB,22.18,20.904,19.860000000000003
2025,5,slot,RB,12.1,11.83,11.5
2025,5,slot,WR,10.0,9.7975,9.55
2025,5,slot,TE,13.2,11.25,9.95
2025,5,slot,FLEX,8.9,8.54,8.0
2025,5,slot,SF,15.579999999999998,14.009999999999998,12.44
2025,5,position,QB,15.579999999999998,13.852999999999998,12.44
2025,5,position,RB,8.9,8.517500000000002,8.05
2025,5,position,WR,8.9,8.495000000000001,8.0
2025,5,position,TE,9.3,8.73,8.35
2025,6,slot,QB,19.880000000000003,19.869,19.860000000000003
2025,6,slot,RB,7.9,9.52,11.5
2025,6,slot,WR,9.1,9.3025,9.55
2025,6,slot,TE,10.8,10.29,9.95
2025,6,slot,FLEX,7.4,7.640000000000001,8.0
2025,6,slot,SF,14.6,13.52,12.44
2025,6,position,QB,14.6,13.411999999999999,12.44
2025,6,position,RB,7.4,7.692500000000001,8.05
2025,6,position,WR,7.5,7.725,8.0
2025,6,position,TE,7.6,8.05,8.35
2025,7,slot,QB,22.56,21.075000000000003,19.860000000000003
2025,7,slot,RB,10.6,11.004999999999999,11.5
2025,7,slot,WR,9.7,9.6325,9.55
2025,7,slot,TE,12.4,10.93,9.95
2025,7,slot,FLEX,7.5,7.7,8.0
2025,7,slot,SF,10.52,11.48,12.44
2025,7,position,QB,10.52,11.576,12.44
2025,7,position,RB,7.5,7.7475000000000005,8.05
2025,7,position,WR,7.5,7.725,8.0
2025,7,position,TE,7.7,8.09,8.35
2025,8,slot,QB,22.96,21.255000000000003,19.860000000000003
2025,8,slot,RB,10.4,10.895,11.5
2025,8,slot,WR,10.5,10.072500000000002,9.55
2025,8,slot,TE,9.3,9.690000000000001,9.95
2025,8,slot,FLEX,7.800000000000001,7.880000000000001,8.0
2025,8,slot,SF,11.32,11.879999999999999,12.44
2025,8,position,QB,11.32,11.936,12.44
2025,8,position,RB,7.9,7.967500000000001,8.05
2025,8,position,WR,7.800000000000001,7.890000000000001,8.0
2025,8,position,TE,7.800000000000001,8.13,8.35
2025,9,slot,QB,24.84,22.101,19.860000000000003
2025,9,slot,RB,10.7,11.059999999999999,11.5
2025,9,slot,WR,9.5,9.5225,9.55
2025,9,slot,TE,10.2,10.05,9.95
2025,9,slot,FLEX,8.2,8.12,8.0
2025,9,slot,SF,14.079999999999998,13.259999999999998,12.44
2025,9,position,QB,14.079999999999998,13.177999999999999,12.44
2025,9,position,RB,8.3,8.1875,8.05
2025,9,position,WR,8.2,8.11,8.0
2025,9,position,TE,8.8,8.530000000000001,8.35
2025,10,slot,QB,19.340000000000003,19.626000000000005,19.860000000000003
2025,10,slot,RB,11.6,11.555,11.5
2025,10,slot,WR,10.1,9.852500000000001,9.55
2025,10,slot,TE,9.1,9.61,9.95
2025,10,slot,FLEX,7.9,7.94,8.0
2025,10,slot,SF,10.82,11.629999999999999,12.44
2025,10,position,QB,10.82,11.711,12.44
2025,10,position,RB,7.9,7.967500000000001,8.05
2025,10,position,WR,7.9,7.945,8.0
2025,10,position,TE,8.5,8.41,8.35
2025,11,slot,QB,15.44,17.871000000000002,19.860000000000003
2025,11,slot,RB,12.5,12.05,11.5
2025,11,slot,WR,8.2,8.807500000000001,9.55
2025,11,slot,TE,8.100000000000001,9.21,9.95
2025,11,slot,FLEX,7.300000000000001,7.58,8.0
2025,11,slot,SF,11.04,11.739999999999998,12.44
2025,11,position,QB,11.04,11.809999999999999,12.44
2025,11,position,RB,7.4,7.692500000000001,8.05
2025,11,position,WR,7.300000000000001,7.615,8.0
2025,11,position,TE,8.100000000000001,8.25,8.35
2025,12,slot,QB,17.14,18.636000000000003,19.860000000000003
2025,12,slot,RB,10.8,11.115000000000002,11.5
2025,12,slot,WR,9.4,9.467500000000001,9.55
2025,12,slot,TE,8.5,9.370000000000001,9.95
2025,12,slot,FLEX,7.0,7.4,8.0
2025,12,slot,SF,8.26,10.35,12.44
2025,12,position,QB,8.26,10.559000000000001,12.44
2025,12,position,RB,7.2,7.582500000000001,8.05
2025,12,position,WR,7.0,7.450000000000001,8.0
2025,12,position,TE,7.0,7.8100000000000005,8.35
2025,13,slot,QB,19.64,19.761000000000003,19.860000000000003
2025,13,slot,RB,13.2,12.434999999999999,11.5
2025,13,slot,WR,9.7,9.6325,9.55
2025,13,slot,TE,9.8,9.89,9.95
2025,13,slot,FLEX,9.0,8.6,8.0
2025,13,slot,SF,13.36,12.899999999999999,12.44
2025,13,position,QB,13.36,12.854,12.44
2025,13,position,RB,9.1,8.627500000000001,8.05
2025,13,position,WR,9.0,8.55,8.0
2025,13,position,TE,9.3,8.73,8.35
2025,14,slot,QB,19.36,19.635,19.860000000000003
2025,14,slot,RB,11.4,11.445,11.5
2025,14,slot,WR,8.2,8.807500000000001,9.55
2025,14,slot,TE,10.7,10.25,9.95
2025,14,slot,FLEX,7.7,7.82,8.0
2025,14,slot,SF,11.079999999999998,11.759999999999998,12.44
2025,14,position,QB,11.079999999999998,11.828,12.44
2025,14,position,RB,7.7,7.857500000000001,8.05
2025,14,position,WR,7.7,7.835000000000001,8.0
2025,14,position,TE,8.2,8.29,8.35
2025,15,slot,QB,22.14,20.886000000000003,19.860000000000003
2025,15,slot,RB,11.9,11.72,11.5
2025,15,slot,WR,9.6,9.5775,9.55
2025,15,slot,TE,10.5,10.17,9.95
2025,15,slot,FLEX,8.5,8.3,8.0
2025,15,slot,SF,15.0,13.719999999999999,12.44
2025,15,position,QB,15.0,13.591999999999999,12.44
2025,15,position,RB,8.8,8.462500000000002,8.05
2025,15,position,WR,8.5,8.275,8.0
2025,15,position,TE,8.600000000000001,8.450000000000001,8.35
2025,16,slot,QB,19.4,19.653,19.860000000000003
2025,16,slot,RB,13.4,12.545000000000002,11.5
2025,16,slot,WR,9.5,9.5225,9.55
2025,16,slot,TE,12.4,10.93,9.95
2025,16,slot,FLEX,8.8,8.48,8.0
2025,16,slot,SF,13.24,12.84,12.44
2025,16,position,QB,13.24,12.8,12.44
2025,16,position,RB,9.5,8.8475,8.05
2025,16,position,WR,8.8,8.440000000000001,8.0
2025,16,position,TE,10.7,9.29,8.35
2025,17,slot,QB,20.4,20.103,19.860000000000003
2025,17,slot,RB,10.3,10.84,11.5
2025,17,slot,WR,9.8,9.6875,9.55
2025,17,slot,TE,11.5,10.57,9.95
2025,17,slot,FLEX,7.800000000000001,7.880000000000001,8.0
2025,17,slot,SF,9.44,10.94,12.44
2025,17,position,QB,9.44,11.09,12.44
2025,17,position,RB,8.0,8.0225,8.05
2025,17,position,WR,7.9,7.945,8.0
2025,17,position,TE,7.800000000000001,8.13,8.35
2025,18,slot,QB,17.259999999999998,18.69,19.860000000000003
2025,18,slot,RB,9.9,10.620000000000001,11.5
2025,18,slot,WR,7.4,8.3675,9.55
2025,18,slot,TE,9.3,9.690000000000001,9.95
2025,18,slot,FLEX,6.7,7.22,8.0
2025,18,slot,SF,9.2,10.82,12.44
2025,18,position,QB,9.2,10.982,12.44
2025,18,position,RB,6.7,7.307500000000001,8.05
2025,18,position,WR,6.7,7.285,8.0
2025,18,position,TE,7.0,7.8100000000000005,8.35
